PC_NO,PC_NAME,PC_TYPE,CAND_NAME,CAND_SEX,CAND_CATEGORY,CAND_AGE,PARTYABBRE,TOTOVOTPOLL,POSITION,likely_religion,likely_religion_certainty
1,Saharanpur,GEN,JAGDISH SINGH RANA,M,GEN,53,BSP,354807,1,Hindu,52
1,Saharanpur,GEN,RASHEED MASOOD,M,GEN,59,SP,269934,2,Muslim,22
1,Saharanpur,GEN,JASWANT SINGH SAINI,M,GEN,38,BJP,99894,3,Hindu,24
1,Saharanpur,GEN,GAJAY SINGH,M,GEN,50,INC,62593,4,Hindu,16
1,Saharanpur,GEN,HAJI MOHAMMED TAUSEEF,M,GEN,45,PECP,9214,5,Muslim,90
1,Saharanpur,GEN,M.RASHID KHAN,M,GEN,45,IND,8096,6,Muslim,16
1,Saharanpur,GEN,CHATTAR SINGH KASHYAP,M,GEN,54,VAJP,4647,7,Hindu,14
1,Saharanpur,GEN,MASHKOOR,M,GEN,49,IND,4433,8,Muslim,66
1,Saharanpur,GEN,NATHLU RAM,M,SC,57,IND,2069,9,Hindu,5
1,Saharanpur,GEN,TEJVEER,M,GEN,48,IND,1773,10,Unknown,0
1,Saharanpur,GEN,CHINTAMANI,M,GEN,60,IND,912,11,Hindu,66
1,Saharanpur,GEN,MOHD.ASIF,M,GEN,25,IND,826,12,Unknown,0
1,Saharanpur,GEN,YOGESH GAMBHIR,M,GEN,41,BD,700,13,Hindu,32
1,Saharanpur,GEN,CHANDRA PRAKASH ARORA,M,GEN,53,IND,650,14,Hindu,21
1,Saharanpur,GEN,SUSHIL KUMAR,M,SC,34,RSBP,574,15,Hindu,46
2,Kairana,GEN,TABASSUM BEGUM,F,GEN,39,BSP,283259,1,Muslim,9
2,Kairana,GEN,HUKUM SINGH,M,GEN,71,BJP,260796,2,Hindu,16
2,Kairana,GEN,SHAJAN MASOOD,M,GEN,36,SP,124802,3,Muslim,16
2,Kairana,GEN,SURENDRA KUMAR,M,GEN,45,INC,37795,4,Hindu,5
2,Kairana,GEN,LAKHMI,M,GEN,53,IND,5707,5,Unknown,0
2,Kairana,GEN,ADVOCATE BRAHAM PAL GURJAR,M,GEN,38,IND,3635,6,Hindu,46
2,Kairana,GEN,MUKTA SINGH,F,GEN,35,IND,2155,7,Hindu,46
2,Kairana,GEN,KARAN SINGH SAINI,M,GEN,40,JSP,1758,8,Hindu,20
2,Kairana,GEN,KULDEEP,M,GEN,32,IND,1228,9,Hindu,16
2,Kairana,GEN,ABHISHEK,M,GEN,25,IND,1052,10,Hindu,6
2,Kairana,GEN,RAJ BAHADUR,M,SC,26,IJP,814,11,Unknown,0
2,Kairana,GEN,PRIYA KUMAR,M,GEN,37,ABHM,787,12,Hindu,46
2,Kairana,GEN,KUNWAR PAL,M,GEN,50,RDMP,604,13,Hindu,46
2,Kairana,GEN,RAJNISH NOTIAL,M,SC,28,ASP,486,14,Hindu,83
2,Kairana,GEN,SHAFIK,M,GEN,52,UNLP,457,15,Unknown,0
3,Muzaffarnagar,GEN,KADIR RANA,M,GEN,45,BSP,275318,1,Hindu,16
3,Muzaffarnagar,GEN,ANURADHA CHAUDHARY,F,GEN,48,RLD,254720,2,Hindu,46
3,Muzaffarnagar,GEN,THAKUR SANGEET SINGH SOM,M,GEN,29,SP,106667,3,Hindu,26
3,Muzaffarnagar,GEN,HARINDRA SINGH MALIK,M,GEN,54,INC,73848,4,Hindu,27
3,Muzaffarnagar,GEN,ABDUL AZIZ ANSARI,M,GEN,57,PECP,6537,5,Muslim,50
3,Muzaffarnagar,GEN,ASHUTOSH PANDEY,M,GEN,30,LD,3781,6,Hindu,46
3,Muzaffarnagar,GEN,DHEER SINGH,M,GEN,45,CPI,3655,7,Hindu,46
3,Muzaffarnagar,GEN,RANVEER,M,GEN,49,IND,3597,8,Unknown,0
3,Muzaffarnagar,GEN,MUKTA SINGH,F,GEN,25,IND,3037,9,Hindu,46
3,Muzaffarnagar,GEN,VEERPAL,M,GEN,32,IND,2242,10,Unknown,0
3,Muzaffarnagar,GEN,SALEK CHAUDHARY,M,GEN,37,IND,1883,11,Hindu,16
3,Muzaffarnagar,GEN,REETA URF REETA KASHYAP,F,GEN,31,IND,1640,12,Christian,2
3,Muzaffarnagar,GEN,VIJAY,M,SC,36,IND,1296,13,Hindu,66
3,Muzaffarnagar,GEN,INDERPAL,M,GEN,67,IND,1119,14,Unknown,0
3,Muzaffarnagar,GEN,NARENDRA KUMAR,M,GEN,44,IND,795,15,Hindu,46
3,Muzaffarnagar,GEN,NAWAB ALI,M,GEN,38,NLHP,723,16,Muslim,16
3,Muzaffarnagar,GEN,SATISH KUMAR,M,GEN,32,JSP,710,17,Hindu,46
3,Muzaffarnagar,GEN,BHAGWAT SINGH,M,SC,66,IND,694,18,Hindu,16
3,Muzaffarnagar,GEN,PARMOD PAL,M,GEN,41,IND,678,19,Hindu,16
3,Muzaffarnagar,GEN,SALAMUDEEN URF SALMU MALIK,M,GEN,45,NELU,635,20,Muslim,16
3,Muzaffarnagar,GEN,SATYAVEER,M,GEN,45,IND,600,21,Unknown,0
3,Muzaffarnagar,GEN,RAJENDRA SINGH,M,GEN,60,IND,449,22,Hindu,4
3,Muzaffarnagar,GEN,MANISH BHAI URF NITU,M,GEN,35,ABHM,377,23,Hindu,62
4,Bijnor,GEN,SANJAY SINGH CHAUHAN,M,GEN,45,RLD,244587,1,Hindu,52
4,Bijnor,GEN,SHAHID SIDDIQUI,M,GEN,58,BSP,216157,2,Muslim,7
4,Bijnor,GEN,SAIDUZZAMAN,M,GEN,67,INC,85158,3,Unknown,0
4,Bijnor,GEN,KARTAR SINGH BHADANA,M,GEN,59,NCP,74881,4,Hindu,24
4,Bijnor,GEN,DR. YASHVIR SINGH,M,GEN,62,SP,51079,5,Hindu,16
4,Bijnor,GEN,SURESH CHAND,M,GEN,44,RMSP,5037,6,Hindu,46
4,Bijnor,GEN,DIGVIJAY SINGH,M,GEN,30,IND,3771,7,Hindu,46
4,Bijnor,GEN,SAGIR AHMAD,M,GEN,51,NLHP,3328,8,Hindu,2
4,Bijnor,GEN,SABDUL,M,GEN,37,IND,3002,9,Unknown,0
4,Bijnor,GEN,MONU KUMAR RAVI,M,SC,25,IND,2906,10,Hindu,13
4,Bijnor,GEN,MOHD. AFSHAR,M,GEN,33,ASP,2326,11,Muslim,66
4,Bijnor,GEN,CHAND KUMAR,M,GEN,48,IND,2310,12,Hindu,16
4,Bijnor,GEN,IRFAN ALI,M,GEN,45,IND,2123,13,Muslim,46
4,Bijnor,GEN,DAVENDER SINGH,M,GEN,72,IND,1827,14,Hindu,16
4,Bijnor,GEN,ABDUL SAMAD,M,GEN,37,IND,1456,15,Muslim,19
4,Bijnor,GEN,PRABHAT KUMAR,M,GEN,32,IND,1364,16,Hindu,46
4,Bijnor,GEN,RAJ RISHI,M,GEN,46,IND,1184,17,Hindu,32
4,Bijnor,GEN,SURENDRA SINGH,M,SC,49,IJP,1011,18,Hindu,5
4,Bijnor,GEN,SALESH KUMAR ALIAS SADHAWI SARLESH GIRI,F,GEN,41,MKUP,954,19,Hindu,46
4,Bijnor,GEN,RAM GIRI,M,GEN,62,IND,869,20,Hindu,8
4,Bijnor,GEN,ABDUL BASIT,M,GEN,64,KKJHS,807,21,Muslim,83
4,Bijnor,GEN,PARAS RAM,M,GEN,46,VAJP,776,22,Hindu,14
4,Bijnor,GEN,SHIVA CHARAN,M,SC,71,IND,677,23,Hindu,9
5,Nagina,SC,YASHVIR SINGH,M,SC,36,SP,234815,1,Hindu,16
5,Nagina,SC,RAM KISHAN SINGH,M,SC,65,BSP,175127,2,Hindu,20
5,Nagina,SC,MUNSIRAM,M,SC,59,RLD,163062,3,Unknown,0
5,Nagina,SC,ISAM SINGH,M,SC,51,INC,31779,4,Unknown,0
5,Nagina,SC,RAM CHANDER,M,SC,44,IND,11012,5,Hindu,29
5,Nagina,SC,YADRAM,M,SC,44,IND,5963,6,Unknown,0
5,Nagina,SC,RANJEET,M,SC,40,NBNP,4997,7,Hindu,66
5,Nagina,SC,UDIT RAJ,M,SC,51,IJP,3656,8,Hindu,5
5,Nagina,SC,BHISHAM PRASAD,M,SC,52,IND,2853,9,Hindu,46
5,Nagina,SC,VIJAY PRAKASH,M,SC,70,PECP,2560,10,Hindu,13
5,Nagina,SC,TEJ SINGH,M,SC,53,ASP,2446,11,Hindu,9
5,Nagina,SC,BABLI ALIAS GULSAN JAHAN,F,SC,34,NELU,2275,12,Unknown,0
5,Nagina,SC,NOBAHAR SINGH,M,SC,49,IND,1520,13,Hindu,16
5,Nagina,SC,ASARPAT,M,SC,41,IND,1403,14,Unknown,0
6,Moradabad,GEN,MOHAMMED AZHARUDDIN,M,GEN,46,INC,301283,1,Muslim,90
6,Moradabad,GEN,KUNWAR SARVESH KUMAR ALIAS RAKESH,M,GEN,57,BJP,252176,2,Hindu,40
6,Moradabad,GEN,RAJIV CHANNA,M,GEN,46,BSP,147594,3,Hindu,83
6,Moradabad,GEN,MOHAMMAD RIZWAN,M,GEN,58,SP,27982,4,Muslim,62
6,Moradabad,GEN,HARIOM BALMIKI,M,SC,35,IND,5675,5,Hindu,83
6,Moradabad,GEN,SAGIR HUSAIN,M,GEN,36,IND,5121,6,Muslim,16
6,Moradabad,GEN,FARID JABBAR,M,GEN,46,IND,2759,7,Muslim,11
6,Moradabad,GEN,RISHI PAL,M,GEN,41,ABHM,2635,8,Hindu,46
6,Moradabad,GEN,SHAKEEL AHMED,M,GEN,47,NLHP,2447,9,Muslim,26
6,Moradabad,GEN,MUHAMMED ZAFAR IQBAL,M,GEN,59,IND,2301,10,Muslim,16
6,Moradabad,GEN,RINKI SAINI,F,GEN,26,IND,2185,11,Unknown,0
6,Moradabad,GEN,MOHAMMAD YUNUS,M,GEN,30,IND,2052,12,Muslim,62
6,Moradabad,GEN,SANJAY KUMAR URF SANJAY KUMAR GOSWAMI,M,GEN,32,IND,1929,13,Hindu,53
6,Moradabad,GEN,HAR SWAROOP SHARMA,M,GEN,56,RSMD,1536,14,Hindu,50
6,Moradabad,GEN,TOTA RAM,M,SC,57,IND,961,15,Hindu,5
6,Moradabad,GEN,PATRAM,M,GEN,46,IND,899,16,Unknown,0
6,Moradabad,GEN,JAHID,M,GEN,44,IND,722,17,Unknown,0
6,Moradabad,GEN,NATHU SINGH,M,GEN,62,IND,687,18,Hindu,16
7,Rampur,GEN,JAYA PRADA NAHATA,F,GEN,45,SP,230724,1,Hindu,11
7,Rampur,GEN,BEGUM NOOR BANO URF MEHTAB ZAMANI BEGUM,F,GEN,70,INC,199793,2,Muslim,11
7,Rampur,GEN,GHAN SHYAM SINGH LODHI,M,GEN,48,BSP,95132,3,Hindu,68
7,Rampur,GEN,MUKHTAR ABBAS NAQVI,M,GEN,51,BJP,61503,4,Muslim,66
7,Rampur,GEN,SHAKKAN KHAN,M,GEN,61,IND,4103,5,Muslim,16
7,Rampur,GEN,BHOLEY KHAN,M,GEN,46,IND,3151,6,Muslim,16
7,Rampur,GEN,DEEPCHAND GUPTA,M,GEN,51,JKD,2787,7,Hindu,16
7,Rampur,GEN,TARIQ MIAN DESHMUKH,M,GEN,41,IND,2355,8,Muslim,2
7,Rampur,GEN,JAGDISH SARAN SAGAR,M,SC,39,IND,1382,9,Hindu,9
7,Rampur,GEN,SIFAAT ALI KHAN,M,GEN,48,IUML,886,10,Muslim,16
7,Rampur,GEN,KAPIL DEV,M,SC,30,IND,835,11,Hindu,39
7,Rampur,GEN,SHRIPAL GUPTA,M,GEN,38,BSP(K),825,12,Hindu,5
7,Rampur,GEN,SANJEEV KUMAR,M,GEN,47,AD,776,13,Hindu,46
7,Rampur,GEN,SAMEENA BI,F,GEN,27,RSBP,738,14,Muslim,7
7,Rampur,GEN,GENDAN LAL,M,GEN,42,IND,676,15,Hindu,16
7,Rampur,GEN,ARIF SIKANDAR URF RAJU MIAN,M,GEN,34,IND,511,16,Muslim,2
8,Sambhal,GEN,DR. SHAFIQUR RAHMAN BARQ,M,GEN,76,BSP,207422,1,Muslim,83
8,Sambhal,GEN,IQBAL MEHMOOD,M,GEN,58,SP,193958,2,Muslim,20
8,Sambhal,GEN,CHANDRA VIJAY,M,GEN,56,INC,129228,3,Hindu,62
8,Sambhal,GEN,CHANDRA PAL SINGH,M,GEN,51,BJP,123166,4,Hindu,50
8,Sambhal,GEN,SUBHANUR RAHMAN,M,GEN,32,IND,11143,5,Muslim,66
8,Sambhal,GEN,HAJI RASHID HUSAIN,M,GEN,50,MUL,4827,6,Muslim,9
8,Sambhal,GEN,VRIHAMADEV,M,SC,36,IND,4297,7,Unknown,0
8,Sambhal,GEN,ASHOK,M,GEN,48,NBNP,3052,8,Hindu,66
8,Sambhal,GEN,DR. PRAVEEN KUMAR,M,GEN,36,IND,2099,9,Hindu,11
8,Sambhal,GEN,MOHAMMAD HASEEB,M,GEN,40,BPC,1426,10,Muslim,62
8,Sambhal,GEN,PUTTAN KHAN,M,GEN,33,NLHP,1306,11,Muslim,16
9,Amroha,GEN,DEVENDRA NAGPAL,M,GEN,38,RLD,283182,1,Hindu,32
9,Amroha,GEN,MEHBOOB ALI,M,GEN,56,SP,191099,2,Muslim,11
9,Amroha,GEN,MAUDOOD MADNI,M,GEN,36,BSP,170396,3,Unknown,0
9,Amroha,GEN,MOHD. NAFIS ABBASI,M,GEN,68,INC,16878,4,Muslim,46
9,Amroha,GEN,HARISH NAGPAL,M,GEN,42,IND,8443,5,Hindu,38
9,Amroha,GEN,NIDHI TYAGI,M,GEN,32,SHS,6836,6,Hindu,10
9,Amroha,GEN,DEVENDER,M,GEN,34,IND,4237,7,Unknown,0
9,Amroha,GEN,SUMAN,F,GEN,25,IVD,3244,8,Unknown,0
9,Amroha,GEN,DEVI SARAN,M,SC,57,IND,3072,9,Hindu,1
9,Amroha,GEN,MANTARI SINGH,M,SC,41,IND,3029,10,Hindu,16
9,Amroha,GEN,KIRSHANPAL,M,GEN,32,IND,3013,11,Unknown,0
9,Amroha,GEN,RADHEKISHAN,M,GEN,36,IND,2311,12,Unknown,0
9,Amroha,GEN,ANIL,M,GEN,26,IND,1994,13,Hindu,23
9,Amroha,GEN,VARUN,M,GEN,29,IND,1828,14,Hindu,16
9,Amroha,GEN,SHARAFAT ALI,M,GEN,57,RSP,1757,15,Muslim,16
9,Amroha,GEN,IMRAN,M,GEN,32,IND,1394,16,Muslim,66
9,Amroha,GEN,ANJULA NAGPAL,F,GEN,40,IND,1074,17,Hindu,66
9,Amroha,GEN,TARA CHANDR,M,SC,36,IND,1015,18,Unknown,0
9,Amroha,GEN,RIFAQAT,M,GEN,40,NELU,845,19,Unknown,0
9,Amroha,GEN,SATISH,M,GEN,28,ABHM,718,20,Hindu,66
10,Meerut,GEN,RAJENDRA AGARWAL,M,GEN,57,BJP,232137,1,Hindu,4
10,Meerut,GEN,MALOOK NAGAR,M,GEN,43,BSP,184991,2,Hindu,16
10,Meerut,GEN,SHAHID MANZOOR,M,GEN,54,SP,183527,3,Muslim,35
10,Meerut,GEN,RAJENDRA SHARMA,M,GEN,61,INC,61003,4,Hindu,4
10,Meerut,GEN,MOHD. SHAHID AKHLAKH,M,GEN,40,IND,34078,5,Muslim,7
10,Meerut,GEN,DARA SINGH PRAJAPATI,M,GEN,39,IND,5968,6,Hindu,11
10,Meerut,GEN,MUGHIS AHMAD GILANI,M,GEN,53,CPI,3755,7,Muslim,83
10,Meerut,GEN,KRISHNA KUMAR GARG,M,GEN,59,IND,2704,8,Hindu,50
10,Meerut,GEN,ARUN KUMAR JAIN,M,GEN,57,NCP,2505,9,Hindu,43
10,Meerut,GEN,JANESHWAR PRASAD SHARMA,M,GEN,60,RVNP,1887,10,Hindu,46
10,Meerut,GEN,KHALID KHURSHID,M,GEN,28,IND,1450,11,Muslim,17
10,Meerut,GEN,AJAY AGRAWAL,M,GEN,44,SJP(R),1333,12,Hindu,46
10,Meerut,GEN,ANIL KUMAR SUBHASH,M,GEN,48,IND,1227,13,Hindu,46
10,Meerut,GEN,RAJKUMAR TYAGI,M,GEN,38,ABHM,1206,14,Hindu,7
10,Meerut,GEN,BHARAT BHUSAN AGRAWAL,M,GEN,44,IND,1116,15,Hindu,5
10,Meerut,GEN,SHREEPAL SINGH,M,SC,35,IND,1044,16,Hindu,16
10,Meerut,GEN,ZARAR AHMAD,M,GEN,43,IND,963,17,Hindu,2
10,Meerut,GEN,RAJENDRA SINGH YADAV,M,GEN,50,IND,958,18,Hindu,18
10,Meerut,GEN,DR. SURENDER KUMAR KHATRI,M,GEN,61,IND,949,19,Hindu,4
10,Meerut,GEN,KRISHNAPAL,M,GEN,28,IND,769,20,Unknown,0
10,Meerut,GEN,RAJESH KUMAR,M,SC,42,IJP,765,21,Hindu,46
10,Meerut,GEN,DR. HARI SINGH AZAD PRAJAPATI,M,GEN,65,ABLTP,578,22,Hindu,13
10,Meerut,GEN,LOHRI,M,SC,50,IND,494,23,Unknown,0
10,Meerut,GEN,SUDHIR NANDAN SARAN KOTHIWAL,M,GEN,62,IND,466,24,Hindu,32
10,Meerut,GEN,TEJVEER SINGH,M,GEN,67,RWS,444,25,Hindu,16
10,Meerut,GEN,SMT. SANTOSH AHLUWALIA,F,GEN,40,RDMP,399,26,Hindu,33
10,Meerut,GEN,CAPT. ATUL TYAGI,M,GEN,49,IND,369,27,Hindu,83
10,Meerut,GEN,SANJEEV,M,GEN,27,IND,364,28,Hindu,66
10,Meerut,GEN,SUNIL KUMAR RANA,M,SC,30,IND,262,29,Hindu,22
11,Baghpat,GEN,AJIT SINGH,M,GEN,70,RLD,238638,1,Hindu,21
11,Baghpat,GEN,MUKESH SHARMA,M,GEN,28,BSP,175611,2,Hindu,46
11,Baghpat,GEN,SOMPAL,M,GEN,71,INC,136964,3,Unknown,0
11,Baghpat,GEN,SAHAB SINGH,M,GEN,50,SP,45644,4,Muslim,33
11,Baghpat,GEN,VEDPAL,M,GEN,39,IND,5838,5,Unknown,0
11,Baghpat,GEN,GULZAR,M,GEN,44,ASP,2288,6,Unknown,0
11,Baghpat,GEN,ABDUL RASHID,M,GEN,26,IND,1754,7,Muslim,17
11,Baghpat,GEN,RAVINDRA KUMAR,M,GEN,28,IND,1359,8,Hindu,5
11,Baghpat,GEN,PRAVEEN KUMAR,M,GEN,44,IND,1071,9,Hindu,11
11,Baghpat,GEN,BRIJ BHUSHAN,M,GEN,32,IND,1041,10,Hindu,62
11,Baghpat,GEN,OMPAL,M,GEN,25,IND,823,11,Unknown,0
11,Baghpat,GEN,DEVENDRA KUMAR,M,GEN,46,BKLJP,790,12,Hindu,5
11,Baghpat,GEN,TEJPAL SINGH,M,GEN,61,IND,713,13,Jain,33
11,Baghpat,GEN,JAIPARKASH,M,GEN,73,IND,423,14,Unknown,0
11,Baghpat,GEN,SHALINI,F,GEN,27,JM,404,15,Hindu,66
11,Baghpat,GEN,FIRDOUS A /S FIRDOUS RANA,F,GEN,27,MKUP,387,16,Parsi,10
12,Ghaziabad,GEN,RAJNATH SINGH,M,GEN,57,BJP,359637,1,Hindu,46
12,Ghaziabad,GEN,SURENDRA PRAKASH GOEL,M,GEN,58,INC,268956,2,Hindu,14
12,Ghaziabad,GEN,PT. AMAR PAL SHARMA,M,GEN,37,BSP,180285,3,Hindu,14
12,Ghaziabad,GEN,SAMAR SINGH,M,GEN,63,IND,4168,4,Hindu,9
12,Ghaziabad,GEN,IQBAL,M,GEN,50,NLHP,3818,5,Muslim,16
12,Ghaziabad,GEN,SATISH,M,SC,57,IND,2793,6,Hindu,66
12,Ghaziabad,GEN,AZIJ KHAN,M,GEN,43,IJP,2286,7,Muslim,16
12,Ghaziabad,GEN,VINOD,M,GEN,47,IND,1843,8,Hindu,66
12,Ghaziabad,GEN,K.Z. BUKHARI,M,GEN,63,NELU,1279,9,Unknown,0
12,Ghaziabad,GEN,ANWAR AHMED,M,GEN,61,NBNP,910,10,Unknown,0
12,Ghaziabad,GEN,SANJAY SHARMA,M,GEN,30,ABHM,784,11,Hindu,46
12,Ghaziabad,GEN,LAL SINGH,M,SC,45,IND,731,12,Hindu,9
12,Ghaziabad,GEN,YATAN SHARMA,M,GEN,43,IND,648,13,Hindu,16
12,Ghaziabad,GEN,TRILOK SINGH RAWAT,M,GEN,33,IND,576,14,Hindu,52
12,Ghaziabad,GEN,DAYA (HIJRA),M,SC,51,IND,568,15,Unknown,0
12,Ghaziabad,GEN,HARI SHANKAR SHARMA,M,GEN,63,BPD,541,16,Hindu,17
13,Gautam buddh Nagar,GEN,SURENDRA SINGH NAGAR,M,GEN,44,BSP,245613,1,Hindu,22
13,Gautam buddh Nagar,GEN,MAHESH KUMAR SHARMA,M,GEN,48,BJP,229709,2,Hindu,50
13,Gautam buddh Nagar,GEN,NARENDRA SINGH BHATI,M,GEN,50,SP,118584,3,Hindu,52
13,Gautam buddh Nagar,GEN,RAMESH CHANDRA TOMAR,M,GEN,59,INC,116230,4,Hindu,22
13,Gautam buddh Nagar,GEN,DR JAMAL AHMAD KHAN,M,GEN,62,NLHP,4753,5,Muslim,50
13,Gautam buddh Nagar,GEN,K.K SHARMA,M,GEN,50,NCP,2912,6,Hindu,16
13,Gautam buddh Nagar,GEN,KAMLESH CHOUDHRY,F,GEN,44,IND,2699,7,Hindu,83
13,Gautam buddh Nagar,GEN,MAHESH,M,GEN,40,IND,1886,8,Hindu,66
13,Gautam buddh Nagar,GEN,ARVIND,M,GEN,35,ANC,1672,9,Hindu,66
13,Gautam buddh Nagar,GEN,KINNAR GUDDI SHARMA,F,GEN,46,IND,1655,10,Hindu,16
13,Gautam buddh Nagar,GEN,SONIA SHARMA,F,GEN,33,IND,1455,11,Hindu,46
13,Gautam buddh Nagar,GEN,ANIL KUMAR,M,SC,32,IND,1358,12,Hindu,22
13,Gautam buddh Nagar,GEN,POONAM,F,GEN,31,BSP(K),1245,13,Hindu,66
13,Gautam buddh Nagar,GEN,SHER SINGH,M,GEN,41,AP,1177,14,Hindu,4
13,Gautam buddh Nagar,GEN,JAGAT SINGH,M,GEN,43,IND,1105,15,Hindu,46
13,Gautam buddh Nagar,GEN,RAHIS,M,GEN,50,NELU,959,16,Unknown,0
13,Gautam buddh Nagar,GEN,MANOJ,M,GEN,34,IND,909,17,Hindu,66
13,Gautam buddh Nagar,GEN,DHARAMVIR,M,GEN,64,IND,743,18,Unknown,0
13,Gautam buddh Nagar,GEN,LUBNA ASIF,F,GEN,25,AIMF,661,19,Muslim,62
13,Gautam buddh Nagar,GEN,PREM SINGH,M,SC,44,RPI,569,20,Hindu,5
13,Gautam buddh Nagar,GEN,GHANSHYAM SHARMA,M,GEN,34,RWS,551,21,Hindu,46
13,Gautam buddh Nagar,GEN,SUKHVIR,M,SC,46,IND,550,22,Unknown,0
13,Gautam buddh Nagar,GEN,SHAILESH KUMAR SRIVASTVA,M,GEN,43,IND,546,23,Hindu,66
13,Gautam buddh Nagar,GEN,RAJENDRA PAL SINGH,M,GEN,58,IND,539,24,Hindu,17
13,Gautam buddh Nagar,GEN,CHHOTE LAL,M,GEN,48,RYS,482,25,Hindu,16
13,Gautam buddh Nagar,GEN,RESHAM SWARUP,F,SC,43,IND,422,26,Hindu,62
14,Bulandshahr,SC,KAMLESH,M,SC,43,SP,236257,1,Hindu,66
14,Bulandshahr,SC,ASHOK KUMAR PRADHAN,M,SC,53,BJP,170192,2,Hindu,50
14,Bulandshahr,SC,RAJ KUMAR GAUTAM,M,SC,36,BSP,142186,3,Hindu,23
14,Bulandshahr,SC,DEVI DAYAL,M,SC,66,INC,100065,4,Hindu,21
14,Bulandshahr,SC,SOHAN PAL,M,SC,45,NLHP,4181,5,Hindu,46
14,Bulandshahr,SC,PRAVEEN,M,SC,32,IND,4162,6,Hindu,9
14,Bulandshahr,SC,KAMLESH,F,SC,39,IND,3068,7,Hindu,66
14,Bulandshahr,SC,SURAJMUKHI GAUTAM,F,SC,38,UNLP,2201,8,Hindu,27
14,Bulandshahr,SC,KARAN SINGH BHOOCHAL,M,SC,56,RMEP,1447,9,Hindu,20
14,Bulandshahr,SC,KANTI,F,SC,54,ABRS,798,10,Hindu,10
14,Bulandshahr,SC,RAGHURAJ SINGH,M,SC,45,RTKP,796,11,Hindu,16
14,Bulandshahr,SC,SUSHILA SINGH,F,SC,60,RDMP,744,12,Hindu,46
14,Bulandshahr,SC,JAY BHAGWAN,M,SC,35,NBNP,649,13,Unknown,0
14,Bulandshahr,SC,BALRAM,M,SC,43,ABHM,614,14,Hindu,66
14,Bulandshahr,SC,SUDHA SINGH,F,SC,37,RPI,581,15,Hindu,16
14,Bulandshahr,SC,RAJO,F,SC,31,NELU,506,16,Hindu,66
15,Aligarh,GEN,RAJ KUMARI CHAUHAN,F,GEN,46,BSP,193444,1,Hindu,3
15,Aligarh,GEN,ZAFAR ALAM,M,GEN,66,SP,176887,2,Muslim,16
15,Aligarh,GEN,BIJENDRA SINGH,M,GEN,52,INC,165776,3,Hindu,16
15,Aligarh,GEN,SHEELA GAUTAM,F,GEN,77,BJP,126988,4,Hindu,22
15,Aligarh,GEN,TEJVIR SINGH,M,GEN,62,IND,5033,5,Hindu,16
15,Aligarh,GEN,KAILASH,M,GEN,30,IND,3486,6,Hindu,66
15,Aligarh,GEN,PRABHAT KUMAR,M,GEN,38,IND,3111,7,Hindu,46
15,Aligarh,GEN,SANJAY,M,GEN,33,LD,2050,8,Hindu,66
15,Aligarh,GEN,HARENDRA SINGH BURMAN,M,GEN,35,LPSP,1878,9,Hindu,24
15,Aligarh,GEN,BHAGVAN SAHAY,M,SC,63,IND,1777,10,Hindu,25
15,Aligarh,GEN,MUKESH,M,GEN,29,NLHP,1756,11,Hindu,66
15,Aligarh,GEN,NATTHILAL,M,GEN,54,IND,1685,12,Unknown,0
15,Aligarh,GEN,PREM PAL SINGH,M,GEN,27,IND,1537,13,Hindu,21
15,Aligarh,GEN,SHER MOHAMMAD,M,GEN,47,IND,1185,14,Muslim,9
15,Aligarh,GEN,AKHTAR,M,GEN,46,MUL,1042,15,Muslim,16
15,Aligarh,GEN,SHISHUPAL SINGH,M,GEN,51,PTSS,858,16,Hindu,46
15,Aligarh,GEN,MAHESH PRATAP SHARMA,M,GEN,54,RVP,584,17,Hindu,29
15,Aligarh,GEN,DHARAMVEER SINGH,M,SC,42,IJP,577,18,Sikh,3
15,Aligarh,GEN,BABULAL VERMA,M,GEN,71,ASP,556,19,Hindu,46
15,Aligarh,GEN,ALPANA GAUTAM,F,GEN,45,BSK,496,20,Hindu,34
15,Aligarh,GEN,MOHAMMAD YUSUF KHAN,M,GEN,26,MC,484,21,Muslim,50
15,Aligarh,GEN,BABA BUDHASEN,M,GEN,69,IND,478,22,Unknown,0
15,Aligarh,GEN,DEVI PRASHAD,M,GEN,72,MADP,387,23,Hindu,3
16,Hathras,SC,SARIKA SINGH,F,SC,29,RLD,247927,1,Hindu,46
16,Hathras,SC,RAJENDRA KUMAR,M,SC,43,BSP,211075,2,Hindu,4
16,Hathras,SC,ANAR SINGH,M,SC,48,SP,115187,3,Hindu,16
16,Hathras,SC,PRADEEP CHANDEL,M,SC,31,INC,57515,4,Hindu,26
16,Hathras,SC,SHIV SINGH,M,SC,39,IND,6349,5,Hindu,16
16,Hathras,SC,JAIPRAKASH,M,SC,59,RTKP,2828,6,Unknown,0
16,Hathras,SC,SURESH BABU,M,SC,35,BSKPB,2822,7,Hindu,46
16,Hathras,SC,PREMLATA,F,SC,35,RPI(A),1901,8,Unknown,0
16,Hathras,SC,MATHURA PRASAD,M,SC,30,IND,1492,9,Hindu,16
16,Hathras,SC,PRADEEP KUMAR,M,SC,38,ASP,1372,10,Hindu,22
17,Mathura,GEN,JAYANT CHAUDHARY,M,GEN,30,RLD,379870,1,Hindu,46
17,Mathura,GEN,SHYAM SUNDER SHARMA,M,GEN,57,BSP,210257,2,Hindu,35
17,Mathura,GEN,MANVENDRA SINGH,M,GEN,62,INC,85418,3,Hindu,46
17,Mathura,GEN,ASHRAF ALI,M,GEN,34,NLHP,22623,4,Muslim,5
17,Mathura,GEN,JAI PRAKASH,M,GEN,35,IND,8919,5,Unknown,0
17,Mathura,GEN,VINOD,M,GEN,41,IND,3718,6,Hindu,66
17,Mathura,GEN,SHYAMSUNDAR,M,SC,31,IND,3272,7,Hindu,66
17,Mathura,GEN,DEVENDRA,M,GEN,27,RALP,2941,8,Unknown,0
17,Mathura,GEN,JAGDISH,M,GEN,34,IND,2684,9,Hindu,66
17,Mathura,GEN,FAKKAR BABA,M,GEN,64,IND,2181,10,Unknown,0
17,Mathura,GEN,BABU LAL SHARMA,M,GEN,70,IND,1687,11,Hindu,9
17,Mathura,GEN,YADRAM,M,SC,56,BSP(K),1122,12,Unknown,0
17,Mathura,GEN,PRAMOD PACHAURI,M,GEN,41,IND,551,13,Hindu,83
17,Mathura,GEN,PITAM SINGH,M,GEN,72,IND,516,14,Hindu,16
17,Mathura,GEN,GOPAL SAINI ALIAS MANAGER,M,GEN,25,IND,399,15,Hindu,83
17,Mathura,GEN,HEERA SINGH,M,GEN,44,NELU,335,16,Hindu,6
18,Agra,SC,DR. RAMSHANKAR,M,SC,43,BJP,203697,1,Unknown,0
18,Agra,SC,KUNWAR CHAND (VAKIL),M,SC,51,BSP,193982,2,Hindu,83
18,Agra,SC,RAMJI LAL SUMAN,M,SC,57,SP,141367,3,Hindu,8
18,Agra,SC,PRABHUDAYAL KATHERIA,M,SC,57,INC,93373,4,Unknown,0
18,Agra,SC,SANTOSH KUMAR DIWAKAR,M,SC,27,IND,4571,5,Hindu,66
18,Agra,SC,GANESHI LAL MAHAUR,M,SC,43,IND,1560,6,Hindu,7
18,Agra,SC,VINOD KUMAR SINGH,M,SC,47,IND,1454,7,Hindu,50
18,Agra,SC,VIVEK CHAUHAN VALMIKI,M,SC,35,RSMD,1236,8,Hindu,9
18,Agra,SC,RAKESH,M,SC,40,IND,1215,9,Hindu,66
18,Agra,SC,DR. CHANDRAPAL,M,SC,61,IND,1093,10,Unknown,0
18,Agra,SC,RAMESH,M,SC,30,JBSP,1070,11,Unknown,0
18,Agra,SC,BOBY,M,SC,36,IND,934,12,Unknown,0
18,Agra,SC,NITYANAND,M,SC,55,IND,579,13,Hindu,66
18,Agra,SC,RAM DEVI,F,SC,46,HDVP,532,14,Hindu,8
18,Agra,SC,RAJESH KUMAR PRADHAN,M,SC,33,RSBP,427,15,Hindu,50
19,Fatehpur sikri,GEN,SEEMA UPADHYAY,F,GEN,44,BSP,209466,1,Hindu,5
19,Fatehpur sikri,GEN,RAJ BABBAR,M,GEN,58,INC,199530,2,Unknown,0
19,Fatehpur sikri,GEN,RAJA MAHENDRA ARIDAMAN SINGH,M,GEN,52,BJP,154373,3,Hindu,21
19,Fatehpur sikri,GEN,RAGHURAJ SINGH SHAKYA,M,GEN,40,SP,109240,4,Hindu,49
19,Fatehpur sikri,GEN,SUNDER SINGH,M,GEN,36,IND,6836,5,Hindu,24
19,Fatehpur sikri,GEN,SATISH CHANDR,M,GEN,40,IND,3111,6,Hindu,83
19,Fatehpur sikri,GEN,VINOD KUMAR,M,GEN,45,IND,2950,7,Hindu,46
19,Fatehpur sikri,GEN,SAMARVEER SINGH CHAHAR,M,GEN,36,RWS,2391,8,Hindu,90
19,Fatehpur sikri,GEN,VIJAY PAL,M,GEN,31,IND,1751,9,Hindu,46
19,Fatehpur sikri,GEN,NARESH CHAND KOLI,M,GEN,28,IND,1399,10,Hindu,46
19,Fatehpur sikri,GEN,MUNNA ALISE MUNNA LAL,M,GEN,44,IND,1312,11,Hindu,3
19,Fatehpur sikri,GEN,BENI PRASHAD AGARWAL,M,GEN,59,IND,588,12,Hindu,16
19,Fatehpur sikri,GEN,GANGA RAM,M,GEN,54,IND,515,13,Hindu,14
19,Fatehpur sikri,GEN,CHANDAN SINGH,M,GEN,49,IND,442,14,Hindu,5
20,Firozabad,GEN,AKHILESH YADAV,M,GEN,35,SP,287011,1,Hindu,46
20,Firozabad,GEN,PROF. S.P. SINGH BAGHEL,M,GEN,46,BSP,219710,2,Hindu,90
20,Firozabad,GEN,RAGHUVAR DAYAL VERMA,M,GEN,70,BJP,101561,3,Hindu,22
20,Firozabad,GEN,MANISH ASIJA,M,GEN,44,IND,33785,4,Hindu,83
20,Firozabad,GEN,ASHOK YADAV,M,GEN,51,IND,9408,5,Hindu,46
20,Firozabad,GEN,RAJVIR SINGH,M,GEN,52,RSMD,9187,6,Hindu,16
20,Firozabad,GEN,RAJENDRAPAL,M,GEN,50,INC,6341,7,Unknown,0
20,Firozabad,GEN,LT. COLONEL SURESH BABU(Rtd),M,GEN,63,IND,4083,8,Hindu,83
20,Firozabad,GEN,RAJJO DEVI,F,GEN,56,CPM,3612,9,Hindu,3
20,Firozabad,GEN,RAMDAS SAVITA,M,GEN,42,IND,2630,10,Hindu,11
20,Firozabad,GEN,ANIL KUMAR SRIVASTAWA@AKELA,M,GEN,26,JPS,2066,11,Hindu,39
20,Firozabad,GEN,RAMGOPAL,M,GEN,32,IND,1693,12,Hindu,66
20,Firozabad,GEN,RAHAT AFROZ,M,GEN,47,MUL,1611,13,Muslim,83
20,Firozabad,GEN,SUNITA DEVI,F,GEN,31,MADP,850,14,Hindu,13
20,Firozabad,GEN,DALVIR,M,SC,39,RPI(A),825,15,Unknown,0
20,Firozabad,GEN,ABHAYPRATAP SINGH,M,GEN,32,JBSP,531,16,Hindu,16
21,Mainpuri,GEN,MULAYAM SINGH YADAV,M,GEN,69,SP,392308,1,Hindu,49
21,Mainpuri,GEN,VINAY SHAKYA,M,GEN,38,BSP,219239,2,Hindu,5
21,Mainpuri,GEN,TRIPTI SHAKYA,F,GEN,31,BJP,56265,3,Hindu,22
21,Mainpuri,GEN,SACHCHIDA NAND,M,GEN,57,IND,7756,4,Hindu,16
21,Mainpuri,GEN,HAKIM SINGH YADAV,M,GEN,65,CPI,4168,5,Hindu,6
21,Mainpuri,GEN,SARVESH,M,GEN,31,JPS,3613,6,Unknown,0
21,Mainpuri,GEN,AJAY KUMAR SINGH,M,GEN,51,IND,2578,7,Hindu,50
21,Mainpuri,GEN,GENDA LAL PAL,M,GEN,56,RALP,2004,8,Hindu,9
21,Mainpuri,GEN,ABADHESH SHAKYA,M,GEN,41,RSMD,1634,9,Hindu,16
21,Mainpuri,GEN,RAJVIR SINGH,M,GEN,43,NDPF,1557,10,Hindu,16
21,Mainpuri,GEN,PRAVEEN YADAV,M,GEN,40,MD,1187,11,Hindu,11
21,Mainpuri,GEN,MAN SINGH KASHYAP,M,GEN,53,LD,1139,12,Hindu,13
21,Mainpuri,GEN,RAVINDRA SINGH,M,GEN,69,RWS,635,13,Hindu,5
21,Mainpuri,GEN,YOGENDRA SINGH,M,GEN,41,IJP,494,14,Hindu,5
21,Mainpuri,GEN,KARUNA NIDHI PANDEY,M,GEN,46,KKJHS,455,15,Hindu,25
22,Etah,GEN,KALYAN SINGH R O MADHOLI,M,GEN,78,IND,275717,1,Hindu,24
22,Etah,GEN,KUNWAR DEVENDRA SINGH YADAV,M,GEN,60,BSP,147449,2,Hindu,30
22,Etah,GEN,DR.SHYAM SINGH SHAKYA,M,GEN,49,BJP,88562,3,Hindu,49
22,Etah,GEN,DR. MAHADEEPAK SINGH SHAKYA,M,GEN,84,INC,25048,4,Hindu,49
22,Etah,GEN,MUNAWAR HUSSAIN,M,GEN,55,NLHP,7227,5,Muslim,16
22,Etah,GEN,RAJESH,M,GEN,34,IND,3934,6,Hindu,66
22,Etah,GEN,SATENDRA KUMAR,M,GEN,50,IND,2603,7,Hindu,16
22,Etah,GEN,RAJVEER SINGH,M,GEN,46,VAJP,2454,8,Hindu,5
22,Etah,GEN,SANDEEP,M,SC,48,RPI(A),2335,9,Hindu,66
22,Etah,GEN,HARISHCHANDRA,M,GEN,61,IND,1860,10,Hindu,66
22,Etah,GEN,KALYAN SINGH R O NAGLA KHUSHALI,M,GEN,69,IND,1662,11,Hindu,18
22,Etah,GEN,INDRAPAL,M,GEN,46,RSUPRP,1532,12,Unknown,0
22,Etah,GEN,PUSHPA UPADHYAY,F,GEN,57,IND,1490,13,Hindu,46
22,Etah,GEN,SHABBIR,M,GEN,50,NELU,1095,14,Unknown,0
22,Etah,GEN,RAJENDRA,M,GEN,46,IND,1067,15,Unknown,0
22,Etah,GEN,RISHIPAL,M,GEN,46,BRPP,1051,16,Unknown,0
22,Etah,GEN,PREETY MISHRA,F,GEN,26,IND,956,17,Hindu,16
22,Etah,GEN,SAKIR ALI,M,GEN,59,IND,945,18,Muslim,16
22,Etah,GEN,KALIYAN SINGH,M,GEN,54,IND,738,19,Hindu,16
23,Badaun,GEN,DHARMENDRA YADAV,M,GEN,30,SP,233744,1,Hindu,5
23,Badaun,GEN,DHARAM YADAV URF D. P. YADAV,M,GEN,56,BSP,201202,2,Hindu,24
23,Badaun,GEN,SALEEM IQBAL SHERWANI,M,GEN,56,INC,193834,3,Muslim,30
23,Badaun,GEN,D. K. BHARDWAJ,M,GEN,51,JD(U),74079,4,Hindu,16
23,Badaun,GEN,BHAGWAN SINGH,M,GEN,47,IND,11819,5,Hindu,16
23,Badaun,GEN,DHARMENDRA YADAV,M,GEN,31,IND,10368,6,Hindu,5
23,Badaun,GEN,AJEET SINGH YADAV,M,GEN,33,PDFO,4339,7,Hindu,23
23,Badaun,GEN,ANUPAM SHARMA,M,GEN,31,IND,4128,8,Hindu,5
23,Badaun,GEN,BRIJ PAL SINGH SHAKYA,M,GEN,46,RSMD,2223,9,Hindu,53
23,Badaun,GEN,JAVITRI DEVI,F,SC,38,IJP,1572,10,Hindu,3
24,Aonla,GEN,MENKA GANDHI,F,GEN,52,BJP,216503,1,Hindu,46
24,Aonla,GEN,DHARMENDRA KUMAR,M,GEN,44,SP,208822,2,Hindu,5
24,Aonla,GEN,KUNWAR SARVRAJ SINGH,M,GEN,55,BSP,174353,3,Hindu,46
24,Aonla,GEN,MEHBOOB AHMAD KHAN,M,GEN,36,MD,56233,4,Muslim,25
24,Aonla,GEN,TIKA RAM SAHU,M,GEN,35,CPI,14072,5,Hindu,8
24,Aonla,GEN,JAGDISH SARAN,M,GEN,36,IND,10503,6,Hindu,13
24,Aonla,GEN,DEEN DAYAL,M,GEN,68,JKM,4891,7,Hindu,14
24,Aonla,GEN,OMENDRA KUMAR,M,GEN,34,IND,4289,8,Hindu,16
24,Aonla,GEN,AJAY PRATAP SINGH,M,GEN,50,IND,4135,9,Hindu,29
24,Aonla,GEN,WASI AHMAD,M,GEN,51,MMUP,3727,10,Muslim,25
24,Aonla,GEN,PRITHVI NATH SINGH SONKAR,M,SC,48,IJP,2779,11,Hindu,68
24,Aonla,GEN,SWAMI DR.LAXMI NARAYANACHARYA,M,GEN,49,BDBP,2217,12,Hindu,83
24,Aonla,GEN,MUSHTAQ AHMAD,M,GEN,33,NELU,1998,13,Muslim,25
25,Bareilly,GEN,PRAVEEN SINGH ARON,M,GEN,50,INC,220976,1,Hindu,30
25,Bareilly,GEN,SANTOSH GANGWAR,M,GEN,59,BJP,211638,2,Hindu,83
25,Bareilly,GEN,ISLAM SABIR ANSARI,M,GEN,54,BSP,181996,3,Muslim,50
25,Bareilly,GEN,BHAGWAT SARAN GANGWAR,M,GEN,54,SP,73549,4,Unknown,0
25,Bareilly,GEN,RAKESH AGARWAL ADVOCATE,M,GEN,51,IND,9220,5,Hindu,83
25,Bareilly,GEN,NADEEM IQBAL,M,GEN,35,MADP,3415,6,Muslim,19
25,Bareilly,GEN,LAIQ AHMAD,M,GEN,43,AD,2474,7,Muslim,12
25,Bareilly,GEN,ASHOK KUMAR SHARMA,M,GEN,34,IND,2466,8,Hindu,50
26,Pilibhit,GEN,FEROZE VARUN GANDHI,M,GEN,29,BJP,419539,1,Unknown,0
26,Pilibhit,GEN,V. M. SINGH,M,GEN,49,INC,138038,2,Hindu,16
26,Pilibhit,GEN,RIYAZ AHMAD,M,GEN,44,SP,117903,3,Muslim,8
26,Pilibhit,GEN,GANGA CHARAN,M,GEN,45,BSP,112576,4,Hindu,13
26,Pilibhit,GEN,RAM NARAYAN SINGH,M,GEN,44,IND,14246,5,Hindu,20
26,Pilibhit,GEN,VIQUARUL HASAN KHAN,M,GEN,40,IND,10777,6,Muslim,9
26,Pilibhit,GEN,MASTER CHOTEY LAL GANGWAR,M,GEN,61,NCP,4963,7,Hindu,7
26,Pilibhit,GEN,KRISHNA ADHIKARI,F,GEN,44,CPI(ML)(L),3563,8,Hindu,46
26,Pilibhit,GEN,INDRA PAL,M,GEN,58,AD,3541,9,Hindu,9
26,Pilibhit,GEN,MAHESH SAXENA,M,GEN,51,IND,2912,10,Hindu,46
26,Pilibhit,GEN,LALTA PRASAD,M,GEN,51,IND,2840,11,Hindu,16
26,Pilibhit,GEN,MAHAVIR SINGH,M,GEN,49,IND,1913,12,Hindu,13
26,Pilibhit,GEN,HARISH KUMAR,M,GEN,44,BSRD,1605,13,Hindu,19
26,Pilibhit,GEN,HARPAL SINGH,M,SC,26,RCP,1147,14,Sikh,33
26,Pilibhit,GEN,JAMUNA DAVI,F,SC,54,RKSP,1137,15,Hindu,83
26,Pilibhit,GEN,RAM KUMAR ARYA,M,GEN,40,ABRS,877,16,Hindu,20
27,Shahjahanpur,SC,MITHLESH,M,SC,48,SP,257033,1,Unknown,0
27,Shahjahanpur,SC,SUNITA SINGH,F,SC,40,BSP,186454,2,Hindu,46
27,Shahjahanpur,SC,KRISHNA RAJ,F,SC,41,BJP,168434,3,Hindu,46
27,Shahjahanpur,SC,UMED SINGH,M,SC,42,INC,108682,4,Hindu,4
27,Shahjahanpur,SC,DAULATRAM,M,SC,49,PECP,25680,5,Unknown,0
27,Shahjahanpur,SC,DR JAUHARI LAL,M,SC,66,NCP,11016,6,Hindu,16
27,Shahjahanpur,SC,SANGHPAL,M,SC,39,IND,7709,7,Unknown,0
27,Shahjahanpur,SC,HEERALAL,M,SC,36,APRD,7482,8,Unknown,0
27,Shahjahanpur,SC,ARVIND KUMAR,M,SC,33,RSMD,4291,9,Hindu,46
27,Shahjahanpur,SC,RAMSEWAK,M,SC,38,AIFB,3303,10,Unknown,0
27,Shahjahanpur,SC,MEWARAM,M,SC,44,IND,2982,11,Unknown,0
27,Shahjahanpur,SC,RAMPRAKASH,M,SC,56,ABRS,2829,12,Unknown,0
27,Shahjahanpur,SC,MALKHAN SINGH,M,SC,63,IND,2257,13,Hindu,16
27,Shahjahanpur,SC,MAHESH PAL SINGH,M,SC,32,IND,2257,14,Hindu,50
27,Shahjahanpur,SC,KUNWARPAL,M,SC,34,IND,2099,15,Unknown,0
28,Kheri,GEN,ZAFAR ALI NAQVI,M,GEN,61,INC,184982,1,Muslim,26
28,Kheri,GEN,ILIYAS AZMI,M,GEN,68,BSP,176205,2,Muslim,40
28,Kheri,GEN,AJAY KUMAR,M,GEN,50,BJP,162850,3,Hindu,46
28,Kheri,GEN,RAVI PRAKASH VERMA,M,GEN,49,SP,153491,4,Hindu,14
28,Kheri,GEN,MUJEEB KHAN,M,GEN,38,IND,8782,5,Muslim,46
28,Kheri,GEN,MOHD. ILIYAS,M,GEN,49,IND,3965,6,Unknown,0
28,Kheri,GEN,BAJRANGI LAL,M,GEN,36,IND,3859,7,Hindu,16
28,Kheri,GEN,KASHINATH SINGH,M,GEN,49,JPS,3712,8,Hindu,46
28,Kheri,GEN,RAMDARASH,M,GEN,45,CPI(ML)(L),2803,9,Unknown,0
28,Kheri,GEN,ANIL KISHORE,M,GEN,41,LD,2777,10,Hindu,43
28,Kheri,GEN,ARVIND,M,GEN,33,IND,2585,11,Hindu,66
28,Kheri,GEN,ANUPAM VERMA,M,GEN,30,AD,1949,12,Hindu,5
29,Dhaurahra,GEN,KUNWAR JITIN PRASAD,M,GEN,36,INC,391391,1,Hindu,50
29,Dhaurahra,GEN,RAJESH KUMAR SINGH ALIAS RAJESH VERMA,M,GEN,49,BSP,206882,2,Hindu,54
29,Dhaurahra,GEN,OM PRAKASH,M,GEN,60,SP,102898,3,Unknown,0
29,Dhaurahra,GEN,RAGHVENDRA SINGH,M,GEN,58,BJP,25407,4,Hindu,16
29,Dhaurahra,GEN,RAM SINGH,M,GEN,34,IND,13167,5,Hindu,8
29,Dhaurahra,GEN,ARJUN LAL,M,SC,45,CPI(ML)(L),4891,6,Hindu,46
29,Dhaurahra,GEN,MANOJ,M,GEN,34,IND,4108,7,Hindu,66
29,Dhaurahra,GEN,RAJESH,M,GEN,44,NCP,3289,8,Hindu,66
29,Dhaurahra,GEN,SUSHILA,F,GEN,47,AD,2358,9,Hindu,66
29,Dhaurahra,GEN,SWAMI DAYAL GAUR,M,GEN,53,RTKP,2180,10,Hindu,33
29,Dhaurahra,GEN,NARENDRA PRASAD,M,GEN,36,IND,1681,11,Hindu,46
29,Dhaurahra,GEN,KAPIL KUMAR,M,GEN,35,IND,1280,12,Hindu,16
30,Sitapur,GEN,KAISAR JAHAN,F,GEN,35,BSP,241106,1,Unknown,0
30,Sitapur,GEN,MAHENDRA SINGH VERMA,M,GEN,58,SP,221474,2,Hindu,52
30,Sitapur,GEN,RAM LAL RAHI,M,SC,63,INC,117281,3,Hindu,10
30,Sitapur,GEN,GYAN TIWARI,M,GEN,41,BJP,81577,4,Hindu,5
30,Sitapur,GEN,JAGDISH NARAYAN SHUKLA,M,GEN,67,NCP,8516,5,Hindu,50
30,Sitapur,GEN,HARE RAM FAUJI,M,GEN,44,JPS,7420,6,Hindu,6
30,Sitapur,GEN,HARGOVIND RAWAT (PASI),M,SC,72,IND,6324,7,Unknown,0
30,Sitapur,GEN,GOVIND,M,GEN,37,KKJHS,4185,8,Hindu,66
30,Sitapur,GEN,KULDEEP KUMAR,M,GEN,33,PECP,3489,9,Hindu,5
30,Sitapur,GEN,DILEEP KUMAR,M,GEN,32,IND,2803,10,Hindu,46
30,Sitapur,GEN,DIPENDRA KUMAR VERMA,M,GEN,36,IND,2421,11,Hindu,50
30,Sitapur,GEN,MUNNA LAL,M,GEN,36,IND,2173,12,Hindu,5
30,Sitapur,GEN,GAYA PRASAD,M,SC,50,CPI(ML)(L),1767,13,Hindu,16
30,Sitapur,GEN,RAM DAS,M,SC,63,BRPP,1726,14,Hindu,13
30,Sitapur,GEN,MAIKU LAL,M,GEN,45,BSRD,1332,15,Hindu,16
30,Sitapur,GEN,DAYA SHANKAR BOSE,M,SC,48,RDMP,1317,16,Hindu,17
31,Hardoi,SC,USHA VERMA,F,SC,43,SP,294030,1,Hindu,46
31,Hardoi,SC,RAM KUMAR KURIL,M,SC,47,BSP,201095,2,Hindu,22
31,Hardoi,SC,PURNIMA VERMA,F,SC,52,BJP,54115,3,Hindu,46
31,Hardoi,SC,SHIV KUMAR,M,SC,58,IND,13000,4,Hindu,16
31,Hardoi,SC,BALAKRAM,M,SC,48,RJPK,3247,5,Unknown,0
31,Hardoi,SC,JAGANNATH,M,SC,45,IND,2203,6,Hindu,66
31,Hardoi,SC,RAJENDRA KUMAR,M,SC,49,IND,1881,7,Hindu,4
31,Hardoi,SC,HARIBAKHSH,M,SC,50,NBNP,1764,8,Unknown,0
31,Hardoi,SC,BHAIYA LAL ALIAS CHAMAN BABU,M,SC,35,RSMD,1216,9,Hindu,4
31,Hardoi,SC,USHA,F,SC,48,IND,1124,10,Hindu,66
31,Hardoi,SC,SHANTISWAROOP,M,SC,52,RPI,924,11,Unknown,0
32,Misrikh,SC,ASHOK KUMAR RAWAT,M,SC,42,BSP,207627,1,Hindu,50
32,Misrikh,SC,SHYAM PRAKASH,M,SC,49,SP,184335,2,Hindu,13
32,Misrikh,SC,OM PRAKASH,M,SC,47,INC,125862,3,Unknown,0
32,Misrikh,SC,ANIL KUMAR ALIAS ANIL BHARGAV,M,SC,37,BJP,61618,4,Hindu,24
32,Misrikh,SC,SAHEB LAL,M,SC,27,IND,12455,5,Hindu,16
32,Misrikh,SC,SANJAYKUMAR,M,SC,26,IND,2957,6,Unknown,0
32,Misrikh,SC,RAM AUTAR,M,SC,52,RPI(A),2692,7,Hindu,6
32,Misrikh,SC,RAKESH KUMAR,M,SC,26,IND,2102,8,Hindu,46
32,Misrikh,SC,VISHAMBHAR DAYAL,M,SC,38,RCP,2099,9,Hindu,23
32,Misrikh,SC,SHIV PAL,M,SC,44,IND,1801,10,Hindu,16
32,Misrikh,SC,RAM SAGAR,M,SC,34,IND,1745,11,Hindu,8
32,Misrikh,SC,RAM DAYAL,M,SC,64,IND,1207,12,Hindu,21
32,Misrikh,SC,UDAY PRATAP,M,SC,39,IND,1089,13,Hindu,20
33,Unnao,GEN,ANNUTANDON,F,GEN,51,INC,475476,1,Unknown,0
33,Unnao,GEN,ARUNSHANKARSHUKLA,M,GEN,52,BSP,173384,2,Unknown,0
33,Unnao,GEN,DEEPAKKUMAR,M,GEN,40,SP,145139,3,Unknown,0
33,Unnao,GEN,RAMESHKUMARSINGH,M,GEN,60,BJP,51102,4,Unknown,0
33,Unnao,GEN,CHANDRASHEKHARTIWARI,M,GEN,43,IND,16305,5,Unknown,0
33,Unnao,GEN,ABHICHHEDILALYADAV,M,GEN,47,IND,7585,6,Unknown,0
33,Unnao,GEN,KRISHNAPALSINGHVAIS,M,GEN,62,IND,4016,7,Unknown,0
33,Unnao,GEN,RAJKISHORESINGH,M,GEN,36,RCP,3473,8,Unknown,0
33,Unnao,GEN,ASHOKKUMAR,M,GEN,39,IND,3204,9,Unknown,0
33,Unnao,GEN,RAMASHREY,M,SC,36,IND,2980,10,Unknown,0
33,Unnao,GEN,UMESHCHANDRA,M,GEN,25,AD,2945,11,Unknown,0
33,Unnao,GEN,RAMSEVAK,M,GEN,44,ASP,2754,12,Unknown,0
33,Unnao,GEN,SHIVSHANKERKUSHWAHA,M,GEN,46,ABAS,2711,13,Unknown,0
33,Unnao,GEN,SUNILKUMAR,M,GEN,35,IND,2689,14,Unknown,0
33,Unnao,GEN,LALA,M,GEN,40,IND,2002,15,Unknown,0
33,Unnao,GEN,RAMAOTAR,M,SC,63,BVVP,1588,16,Unknown,0
33,Unnao,GEN,CHHEDILAL,M,SC,42,RPI(A),1579,17,Unknown,0
33,Unnao,GEN,RAJUKASHYAP,M,GEN,40,VAJP,1527,18,Unknown,0
33,Unnao,GEN,RASHIDQAMAR,M,GEN,28,MUL,1526,19,Unknown,0
33,Unnao,GEN,VASUDEVVISHARAD,M,GEN,65,IND,1289,20,Unknown,0
33,Unnao,GEN,JAVEDRAZA,M,GEN,39,JD(U),1268,21,Unknown,0
34,Mohanlalganj,SC,SUSHILA  SAROJ,F,SC,58,SP,256367,1,Hindu,62
34,Mohanlalganj,SC,JAI PRAKASH,M,SC,50,BSP,179772,2,Unknown,0
34,Mohanlalganj,SC,R.K.CHAUDHARY,M,SC,50,RSBP,144341,3,Unknown,0
34,Mohanlalganj,SC,RANJAN KUMAR CHAUDHARY,M,SC,38,BJP,82435,4,Hindu,50
34,Mohanlalganj,SC,JAIPAL PATHIK,M,SC,50,RCP,17082,5,Jain,1
34,Mohanlalganj,SC,RAM DHAN,M,SC,42,IND,9673,6,Hindu,8
34,Mohanlalganj,SC,SATTIDEEN,M,SC,53,UPRP,4604,7,Unknown,0
35,Lucknow,GEN,LAL JI TANDON,M,GEN,73,BJP,204028,1,Hindu,7
35,Lucknow,GEN,RITA BAHUGUNA JOSHI,F,GEN,59,INC,163127,2,Hindu,2
35,Lucknow,GEN,DR. AKHILESH DAS GUPTA,M,GEN,48,BSP,133610,3,Hindu,50
35,Lucknow,GEN,NAFISA ALI SODHI,F,GEN,52,SP,61457,4,Muslim,33
35,Lucknow,GEN,AMRESH MISHRA,M,GEN,43,IND,3486,5,Hindu,46
35,Lucknow,GEN,RAJESH KUMAR PANDEY,M,GEN,40,AITC,2164,6,Hindu,50
35,Lucknow,GEN,ANUPAM MISHRA,M,GEN,37,SWPI,1230,7,Hindu,5
35,Lucknow,GEN,RAJIV RANJAN TIWARI @ RAJ BIHARI,M,GEN,29,IND,1224,8,Hindu,32
35,Lucknow,GEN,RAVI SHANKAR BHARAT,M,GEN,28,BPD,960,9,Hindu,9
35,Lucknow,GEN,CHANDRA BHUSHAN PANDEY (C.B.PANDEY),M,GEN,60,IND,859,10,Hindu,66
35,Lucknow,GEN,DR.KHAN MOHMAD ATIF,M,GEN,64,MMUP,717,11,Muslim,66
35,Lucknow,GEN,KEDAR MAL AGRAWAL,M,GEN,55,IND,616,12,Hindu,2
35,Lucknow,GEN,ASHOK KUMAR PAL,M,GEN,31,IND,575,13,Hindu,50
35,Lucknow,GEN,AMBIKA PRASAD,M,GEN,49,IND,548,14,Hindu,46
35,Lucknow,GEN,RAJESH KUMAR,M,GEN,25,IND,533,15,Hindu,46
35,Lucknow,GEN,PADAM CHANDRA GUPTA,M,GEN,35,IND,527,16,Hindu,50
35,Lucknow,GEN,A. HAROON ALI,M,GEN,48,IND,513,17,Muslim,46
35,Lucknow,GEN,BAL MUKUND TIWARI,M,GEN,26,IND,505,18,Hindu,46
35,Lucknow,GEN,AMIT PANDEY,M,GEN,33,IND,484,19,Hindu,46
35,Lucknow,GEN,GIRISH CHANDRA SRIVASTAV,M,GEN,62,IND,477,20,Hindu,66
35,Lucknow,GEN,MOHD. IRSHAD,M,GEN,40,NBNP,473,21,Muslim,23
35,Lucknow,GEN,MURLI PRASAD,M,GEN,56,RTKP,452,22,Hindu,46
35,Lucknow,GEN,DASHARATH,M,GEN,36,RMEP,424,23,Hindu,66
35,Lucknow,GEN,S.R.DARAPURI,M,SC,65,IND,421,24,Unknown,0
35,Lucknow,GEN,CHATURI PRASAD,M,SC,56,IND,419,25,Hindu,16
35,Lucknow,GEN,MUSTAQ KHAN,M,GEN,38,IJP,375,26,Muslim,46
35,Lucknow,GEN,DHEERAJ,M,GEN,37,IND,361,27,Hindu,66
35,Lucknow,GEN,NITIN DWIVEDI,M,GEN,25,IND,346,28,Hindu,46
35,Lucknow,GEN,NAND KUMAR LODHI RAJPOOT,M,GEN,44,BGD,346,29,Hindu,33
35,Lucknow,GEN,K.C. KARDAM,M,SC,65,IND,295,30,Unknown,0
35,Lucknow,GEN,PRAVEEN KUMAR MISHRA,M,GEN,32,EKSP,283,31,Hindu,25
35,Lucknow,GEN,ZUBAIR AHMAD,M,GEN,32,IND,279,32,Muslim,25
35,Lucknow,GEN,RAJESH KUMAR NAITHANI,M,GEN,35,IND,259,33,Hindu,66
35,Lucknow,GEN,KAMAL CHANDRA,M,GEN,39,GGP,259,34,Hindu,4
35,Lucknow,GEN,SEHNAAZ SIDRAT,F,GEN,48,IND,245,35,Unknown,0
35,Lucknow,GEN,JUGUNU RANJAN,F,GEN,47,JANS,226,36,Hindu,66
35,Lucknow,GEN,RADHEYSHYAM,M,GEN,37,IND,218,37,Unknown,0
35,Lucknow,GEN,SUKHVEER SINGH,M,GEN,41,IND,201,38,Sikh,33
35,Lucknow,GEN,HARJEET SINGH,M,GEN,48,IND,185,39,Hindu,9
35,Lucknow,GEN,RAM KUMAR SHUKLA,M,GEN,62,IND,181,40,Hindu,20
35,Lucknow,GEN,SUMAN LATA DIXIT,F,GEN,53,IND,163,41,Hindu,15
36,Rae bareli,GEN,SONIA GANDHI,F,GEN,62,INC,481490,1,Hindu,46
36,Rae bareli,GEN,R.S.KUSHWAHA,M,GEN,52,BSP,109325,2,Unknown,0
36,Rae bareli,GEN,R.B.SINGH,M,GEN,44,BJP,25444,3,Unknown,0
36,Rae bareli,GEN,ANIL KUMAR MAURYA,M,GEN,31,AD,12321,4,Hindu,33
36,Rae bareli,GEN,HORILAL,M,SC,41,IND,10073,5,Unknown,0
36,Rae bareli,GEN,SHYAM BIHARI GUPTA,M,GEN,44,IND,5477,6,Hindu,46
36,Rae bareli,GEN,SRIPAL,M,SC,45,IND,4149,7,Unknown,0
36,Rae bareli,GEN,LAJJAWATI KANCHAN,F,SC,43,IND,3546,8,Hindu,62
36,Rae bareli,GEN,RAMA SHANKAR,M,GEN,42,IND,2437,9,Hindu,29
36,Rae bareli,GEN,BABULAL,M,SC,61,IND,2158,10,Hindu,66
36,Rae bareli,GEN,DINESH,M,SC,32,RCP,2041,11,Hindu,66
36,Rae bareli,GEN,MANOJ KUMAR S/O HANUMANT PRASAD,M,GEN,36,IND,1991,12,Hindu,52
36,Rae bareli,GEN,ILIYAS HUSSAIN,M,GEN,36,IND,1851,13,Muslim,16
36,Rae bareli,GEN,MANOJ KUMAR S/O RAM NARESH SINGH,M,GEN,58,IND,1552,14,Hindu,32
36,Rae bareli,GEN,ALOK KUMAR SINGH,M,GEN,32,IND,1466,15,Hindu,21
36,Rae bareli,GEN,AVNISH,M,SC,31,IND,1327,16,Unknown,0
37,Amethi,GEN,RAHUL GANDHI,M,GEN,38,INC,464195,1,Hindu,46
37,Amethi,GEN,ASHEESH SHUKLA,M,GEN,48,BSP,93997,2,Hindu,16
37,Amethi,GEN,PRADEEP KUMAR SINGH,M,GEN,39,BJP,37570,3,Hindu,33
37,Amethi,GEN,BHUWAL,M,GEN,56,JPS,10396,4,Unknown,0
37,Amethi,GEN,SWAMI NATH,M,GEN,25,IND,9642,5,Hindu,83
37,Amethi,GEN,RAMESH CHANDRA,M,GEN,30,IND,6670,6,Hindu,5
37,Amethi,GEN,MEET SINGH,M,GEN,65,IND,4413,7,Hindu,4
37,Amethi,GEN,MOHD.HASAN LAHARI,M,GEN,35,BRPP,3789,8,Unknown,0
37,Amethi,GEN,RAM SHANKER,M,GEN,43,IND,3498,9,Hindu,6
37,Amethi,GEN,DILIP,M,GEN,36,IND,2366,10,Hindu,66
37,Amethi,GEN,MIHILAL,M,GEN,52,IND,2283,11,Unknown,0
37,Amethi,GEN,SUNITA,F,SC,26,MAP,1816,12,Hindu,66
37,Amethi,GEN,OMKAR,M,GEN,46,IND,1705,13,Hindu,23
37,Amethi,GEN,AAVID HUSSAIN,M,GEN,31,IND,1501,14,Muslim,16
37,Amethi,GEN,KAPIL DEO,M,GEN,30,IND,1419,15,Hindu,11
37,Amethi,GEN,SURYABHAN MAURYA,M,GEN,45,RASD,1390,16,Hindu,46
38,Sultanpur,GEN,DR.SANJAY SINGH,M,GEN,55,INC,300411,1,Hindu,16
38,Sultanpur,GEN,MOHD.TAHIR,M,GEN,33,BSP,201632,2,Unknown,0
38,Sultanpur,GEN,ASHOK PANDEY,M,GEN,58,SP,107895,3,Hindu,46
38,Sultanpur,GEN,SURYA BHAN SINGH,M,GEN,54,BJP,44425,4,Hindu,16
38,Sultanpur,GEN,JHINKURAM VISHWAKARMA,M,GEN,33,IND,8903,5,Hindu,16
38,Sultanpur,GEN,HARI NARAYAN,M,GEN,70,IND,7905,6,Hindu,27
38,Sultanpur,GEN,PRAKASH CHANDRA,M,GEN,35,IND,6687,7,Hindu,5
38,Sultanpur,GEN,CHOTELAL MAURYA,M,GEN,40,AD,5602,8,Hindu,16
38,Sultanpur,GEN,KRISHNA NARAYAN,M,GEN,33,IND,5565,9,Hindu,62
38,Sultanpur,GEN,ANIL,M,GEN,35,RPI(A),5287,10,Hindu,23
38,Sultanpur,GEN,AWADHESH KUMAR,M,SC,30,IND,2994,11,Hindu,16
38,Sultanpur,GEN,MOHD.UMAR,M,GEN,42,PECP,2328,12,Unknown,0
38,Sultanpur,GEN,RAKESH,M,GEN,25,NYP,2275,13,Hindu,66
38,Sultanpur,GEN,TRIVENI PRASAD BHEEM,M,SC,52,BRPP,2250,14,Hindu,66
38,Sultanpur,GEN,RAJKUMAR PANDEY,M,GEN,36,RDMP,1850,15,Hindu,9
38,Sultanpur,GEN,ARVIND KUMAR,M,GEN,46,IND,1846,16,Hindu,46
39,Pratapgarh,GEN,RAJKUMARI RATNA SINGH,F,GEN,49,INC,169137,1,Hindu,33
39,Pratapgarh,GEN,PROF. SHIVAKANT OJHA,M,GEN,57,BSP,139358,2,Muslim,2
39,Pratapgarh,GEN,KUNWAR AKSHAYA PRATAP SINGH 'GOPAL JI',M,GEN,41,SP,121252,3,Hindu,38
39,Pratapgarh,GEN,ATIQ AHAMAD,M,GEN,46,AD,108211,4,Unknown,0
39,Pratapgarh,GEN,LAKSHMI NARAIN PANDEY 'GURU JI',M,GEN,57,BJP,45575,5,Unknown,0
39,Pratapgarh,GEN,RAMESH KUMAR,M,GEN,31,IND,6727,6,Hindu,5
39,Pratapgarh,GEN,VINOD,M,SC,29,IND,5713,7,Hindu,66
39,Pratapgarh,GEN,RAVINDRA SINGH,M,GEN,33,IND,4899,8,Hindu,5
39,Pratapgarh,GEN,UDHAV RAM,M,GEN,53,IND,4079,9,Hindu,5
39,Pratapgarh,GEN,SHIVRAM,M,GEN,51,IND,3592,10,Hindu,66
39,Pratapgarh,GEN,JITENDRA PRATAP SINGH,M,GEN,40,IND,3449,11,Hindu,29
39,Pratapgarh,GEN,MUNEESHWAR SINGH,M,GEN,65,IND,3196,12,Hindu,16
39,Pratapgarh,GEN,DINESH PANDEY ALIAS D.K. PANDEY,M,GEN,34,IND,3135,13,Hindu,35
39,Pratapgarh,GEN,SATRAM,M,SC,42,IND,3043,14,Unknown,0
39,Pratapgarh,GEN,ARUN KUMAR,M,GEN,48,SJP(R),3013,15,Hindu,46
39,Pratapgarh,GEN,RAMMURTI MISHRA,M,GEN,36,IND,2718,16,Hindu,16
39,Pratapgarh,GEN,RAM SAMUJH,M,SC,60,IND,2433,17,Hindu,6
39,Pratapgarh,GEN,BADRI PRASAD,M,SC,48,IND,2383,18,Hindu,5
39,Pratapgarh,GEN,RANI PAL,F,GEN,58,IND,2373,19,Hindu,46
39,Pratapgarh,GEN,A. RASHID ANSARI,M,GEN,54,MC,2281,20,Muslim,9
39,Pratapgarh,GEN,CHHANGALAL,M,SC,56,IND,1899,21,Unknown,0
39,Pratapgarh,GEN,ATUL DWIVEDI,M,GEN,29,IND,1366,22,Hindu,46
39,Pratapgarh,GEN,RAJESH,M,GEN,36,KKJHS,1171,23,Hindu,66
40,Farrukhabad,GEN,SALMAN KHURSHEED,M,GEN,56,INC,169351,1,Muslim,27
40,Farrukhabad,GEN,NARESH CHANDRA AGRAWAL,M,GEN,56,BSP,142152,2,Hindu,50
40,Farrukhabad,GEN,CHANDRA BHUSHAN SINGH URF MUNNU BABU,M,GEN,65,SP,127347,3,Hindu,53
40,Farrukhabad,GEN,MITHLESH KUMARI,F,GEN,54,BJP,117951,4,Unknown,0
40,Farrukhabad,GEN,SWAMI SACHIDANAND HARI SAKSHI,M,GEN,53,RTKP,30855,5,Hindu,13
40,Farrukhabad,GEN,SURESH CHANDRA SARASWAT URF ELAICHI WALA,M,GEN,50,IND,4201,6,Hindu,66
40,Farrukhabad,GEN,RISHIDUTT,M,GEN,36,ABHM,3925,7,Unknown,0
40,Farrukhabad,GEN,VEENA KUREEL,F,SC,54,IND,2752,8,Hindu,83
40,Farrukhabad,GEN,OM BABU,M,GEN,57,JPS,2630,9,Hindu,16
40,Farrukhabad,GEN,SUBODH GANGWAR,M,GEN,40,AD,1846,10,Hindu,83
40,Farrukhabad,GEN,VINOD KUMAR,M,GEN,55,IND,1830,11,Hindu,46
40,Farrukhabad,GEN,RAMSHARAN,M,GEN,62,BNRP,1464,12,Unknown,0
40,Farrukhabad,GEN,RIYAZ AHMAD,M,GEN,61,IND,1408,13,Muslim,8
40,Farrukhabad,GEN,WAZID ALI,M,GEN,40,IJP,1223,14,Muslim,16
40,Farrukhabad,GEN,JAIVEER SINGH SHAKYA,M,GEN,31,BRPP,1213,15,Hindu,52
40,Farrukhabad,GEN,DALGANJAN SINGH YADAV,M,GEN,73,BRM,867,16,Hindu,49
41,Etawah,SC,PREMDAS,M,SC,49,SP,278776,1,Unknown,0
41,Etawah,SC,GAURISHANKER,M,SC,63,BSP,232030,2,Unknown,0
41,Etawah,SC,KAMLESH VERMA,F,SC,40,BJP,105652,3,Hindu,46
41,Etawah,SC,SHIV RAM DOHRE,M,SC,68,MD,5829,4,Hindu,17
41,Etawah,SC,SATYA PRIYA MANAV,M,SC,64,IND,4246,5,Hindu,13
41,Etawah,SC,ANVER SINGH,M,SC,44,IND,3547,6,Hindu,16
41,Etawah,SC,SHARMILA,F,SC,43,IND,2009,7,Hindu,66
41,Etawah,SC,RAMNARESH,M,SC,35,IND,1597,8,Unknown,0
41,Etawah,SC,SIYARAM,M,SC,55,RBCP,954,9,Unknown,0
41,Etawah,SC,SANT KUMAR DOHRE,M,SC,28,LD,939,10,Hindu,9
41,Etawah,SC,GIREESH BHARTIYA,M,SC,38,IND,811,11,Unknown,0
41,Etawah,SC,K.P.D. SHYAMDAS,M,SC,42,IND,791,12,Unknown,0
41,Etawah,SC,JAISHANKAR,M,SC,56,IND,739,13,Hindu,66
42,Kannauj,GEN,AKHILESH YADAV,M,GEN,35,SP,337751,1,Hindu,46
42,Kannauj,GEN,DR. MAHESH CHANDRA VERMA,M,GEN,53,BSP,221887,2,Hindu,50
42,Kannauj,GEN,SUBRAT PATHAK,M,GEN,29,BJP,150872,3,Hindu,16
42,Kannauj,GEN,BALRAM,M,GEN,29,BSP(K),6650,4,Hindu,66
42,Kannauj,GEN,SHRIKRISHNA SHAKYA,M,GEN,56,IND,5310,5,Hindu,46
42,Kannauj,GEN,SANJEEV,M,GEN,25,IND,3323,6,Hindu,66
42,Kannauj,GEN,SHAHANSHAH KHAN,M,GEN,37,IND,2911,7,Muslim,16
42,Kannauj,GEN,RAM KARAN KASHYAP,M,GEN,37,VAJP,2706,8,Hindu,5
42,Kannauj,GEN,AJAB SINGH YADAV,M,GEN,30,ABAS,2207,9,Hindu,49
42,Kannauj,GEN,VIJAY SINGH CHAUHAN,M,GEN,53,MD,2149,10,Hindu,52
42,Kannauj,GEN,RAM SWAROOP,M,GEN,70,JPS,1408,11,Hindu,29
42,Kannauj,GEN,LAL SINGH,M,GEN,40,IND,1357,12,Hindu,9
42,Kannauj,GEN,NARAYAN KUMAR,M,GEN,39,RDMP,1189,13,Hindu,46
42,Kannauj,GEN,RAM BABU,M,GEN,37,IND,806,14,Hindu,8
42,Kannauj,GEN,RAM BABU TRIVEDI,M,GEN,62,BPD,790,15,Hindu,8
42,Kannauj,GEN,PRADEEP,M,GEN,35,IND,634,16,Hindu,23
43,Kanpur,GEN,SRI PRAKASH JAISWAL,M,GEN,64,INC,214988,1,Hindu,17
43,Kanpur,GEN,SATISH MAHANA,M,GEN,48,BJP,196082,2,Hindu,83
43,Kanpur,GEN,SUKHDA MISHRA,F,GEN,67,BSP,48374,3,Hindu,16
43,Kanpur,GEN,SURENDRA MOHAN AGRAWAL,M,GEN,65,SP,34919,4,Hindu,14
43,Kanpur,GEN,AHAMED HUSSAIN,M,GEN,68,IND,3728,5,Muslim,16
43,Kanpur,GEN,OMENDRA BHARAT,M,GEN,29,BPD,3237,6,Unknown,0
43,Kanpur,GEN,MAYA KAUSHAL,F,GEN,55,IND,2503,7,Hindu,13
43,Kanpur,GEN,MOHAMMD ISHA,M,GEN,34,IND,2394,8,Muslim,2
43,Kanpur,GEN,NISHA,F,GEN,38,IND,1463,9,Hindu,12
43,Kanpur,GEN,V.N.AWASTHI,M,GEN,75,IND,1274,10,Unknown,0
43,Kanpur,GEN,MAHESH CHANDRA SHARMA,M,GEN,65,IND,767,11,Hindu,50
43,Kanpur,GEN,ANIL KUMAR JAIN,M,GEN,49,IND,563,12,Hindu,30
43,Kanpur,GEN,BADRI VISHAL PRAJAPATI,M,GEN,35,IND,522,13,Hindu,9
43,Kanpur,GEN,JAGDISH PRASAD,M,GEN,48,ABHM,503,14,Hindu,46
43,Kanpur,GEN,GUFRAN  AHMED,M,GEN,49,RWSP,450,15,Hindu,2
43,Kanpur,GEN,JAGESWAR DAYAL 1 VIKAL ORAI,M,GEN,49,IND,389,16,Hindu,26
43,Kanpur,GEN,GAYA PRASAD,M,GEN,55,IND,365,17,Hindu,16
43,Kanpur,GEN,MOTI LAL SHARMA,M,GEN,59,IJP,357,18,Hindu,13
44,Akbarpur,GEN,RAJARAM PAL,M,GEN,48,INC,192549,1,Hindu,16
44,Akbarpur,GEN,ANIL SHUKLA WARSI,M,GEN,52,BSP,160506,2,Hindu,26
44,Akbarpur,GEN,ARUN KUMAR TIWARI BABA,M,GEN,47,BJP,136907,3,Hindu,66
44,Akbarpur,GEN,KAMLESH KUMAR PATHAK,M,GEN,53,SP,114820,4,Hindu,50
44,Akbarpur,GEN,RAM NATH VERMA,M,SC,62,IND,7243,5,Hindu,8
44,Akbarpur,GEN,VIRENDRA VISHWAKARMA,M,GEN,40,IND,6613,6,Hindu,46
44,Akbarpur,GEN,AMAR SINGH CHAUHAN,M,GEN,51,JPS,5468,7,Hindu,15
44,Akbarpur,GEN,DR.A.K. GUPTA,M,GEN,58,RSMD,2627,8,Hindu,16
44,Akbarpur,GEN,MANJESH KUMAR,M,GEN,37,IND,1642,9,Hindu,16
44,Akbarpur,GEN,SATENDRA KUSHWAHA,M,GEN,53,RKSP,1580,10,Hindu,16
44,Akbarpur,GEN,VIMAL SINGH BHADAURIA,M,GEN,27,ABAS,1494,11,Hindu,24
44,Akbarpur,GEN,DHARMENDRA PRATAP SINGH,M,SC,34,BPD,1461,12,Hindu,17
44,Akbarpur,GEN,OMKAR,M,GEN,46,IND,1355,13,Hindu,23
44,Akbarpur,GEN,RAM GOPAL,M,SC,51,RAJUP,1051,14,Hindu,29
44,Akbarpur,GEN,DAYA SHANKER,M,GEN,70,RSP,720,15,Unknown,0
44,Akbarpur,GEN,CHAUDHARY DHARMENDRA SINGH YADAV,M,GEN,35,RPI,623,16,Hindu,22
44,Akbarpur,GEN,BAIKUNTH NATH,M,GEN,63,JD(S),595,17,Unknown,0
45,Jalaun,SC,GHANSYAM ANURAGI,M,SC,35,SP,283023,1,Unknown,0
45,Jalaun,SC,TILAK CHANDRA AHIRWAR,M,SC,40,BSP,271614,2,Hindu,66
45,Jalaun,SC,BHANU PRATAP SINGH VERMA,M,SC,50,BJP,131259,3,Hindu,36
45,Jalaun,SC,DR. BABU RAMADHIN AHIRWAR,M,SC,58,INC,77459,4,Unknown,0
45,Jalaun,SC,VASHUDEV,M,SC,31,IND,7137,5,Unknown,0
45,Jalaun,SC,NATHURAM VERMA LOHIA,M,SC,63,NCP,4751,6,Unknown,0
45,Jalaun,SC,RAM JI,M,SC,49,IND,4230,7,Hindu,6
45,Jalaun,SC,PRATAP SINGH KATHARIYA,M,SC,39,NELU,2803,8,Hindu,34
45,Jalaun,SC,KASHIRAM,M,SC,35,CPI(ML)(L),2753,9,Unknown,0
45,Jalaun,SC,PRABHA VERMA,F,SC,25,AD,2533,10,Hindu,5
45,Jalaun,SC,BHAGGOOLAL VALMIKI,M,SC,50,RSMD,2377,11,Hindu,16
45,Jalaun,SC,HUKUM,M,SC,52,JPS,2086,12,Unknown,0
45,Jalaun,SC,BHURI DEVI,F,SC,54,IND,1864,13,Hindu,3
45,Jalaun,SC,MEVALAL,M,SC,61,IND,1823,14,Unknown,0
45,Jalaun,SC,SANJAY KUMAR,M,SC,28,RAJUP,954,15,Hindu,46
45,Jalaun,SC,DASHRATH SINGH AHIRWAR,M,SC,27,RDMP,918,16,Hindu,90
46,Jhansi,GEN,PRADEEP KUMAR JAIN (ADITYA),M,GEN,47,INC,252712,1,Hindu,18
46,Jhansi,GEN,RAMESH KUMAR SHARMA,M,GEN,56,BSP,205042,2,Hindu,21
46,Jhansi,GEN,CHANDRPAL SINGH YADAV,M,GEN,50,SP,132076,3,Hindu,49
46,Jhansi,GEN,SUJAN SINGH BUNDELA,M,GEN,63,RSMD,105298,4,Hindu,24
46,Jhansi,GEN,RAVINDRA SHUKLA,M,GEN,50,BJP,79724,5,Hindu,5
46,Jhansi,GEN,DEEPMALA KUSHWAHA,F,GEN,28,RTKP,17399,6,Hindu,16
46,Jhansi,GEN,BAL KISHAN,M,GEN,37,IND,13498,7,Hindu,66
46,Jhansi,GEN,MAHENDRA,M,GEN,39,IND,7349,8,Hindu,66
46,Jhansi,GEN,PANKAJ RAWAT,M,GEN,37,IND,7004,9,Hindu,46
46,Jhansi,GEN,RAMDAS,M,GEN,50,BJTP,6872,10,Unknown,0
46,Jhansi,GEN,KAMTA PRASAD RAJPUT,M,GEN,56,IND,6286,11,Hindu,46
46,Jhansi,GEN,MATHURA PRASAD,M,GEN,59,IND,5320,12,Hindu,16
46,Jhansi,GEN,PARWAT SINGH,M,GEN,42,IND,5106,13,Hindu,16
46,Jhansi,GEN,JAGAT VIKRAM SINGH,M,GEN,39,IND,4262,14,Hindu,50
46,Jhansi,GEN,ABDESH BHOOSHAN SRIVASTAVA,M,GEN,48,IND,4210,15,Hindu,46
46,Jhansi,GEN,BALAK DAS,M,GEN,40,AD,4173,16,Hindu,40
46,Jhansi,GEN,MANMOHAN GUPTA,M,GEN,62,IJP,3021,17,Hindu,5
46,Jhansi,GEN,BABU LAL NANGAL,M,GEN,65,LSVP,2507,18,Hindu,7
47,Hamirpur,GEN,VIJAY BAHADUR SINGH,M,GEN,65,BSP,199143,1,Hindu,9
47,Hamirpur,GEN,SIDDHA GOPAL SAHU,M,GEN,43,INC,173641,2,Hindu,23
47,Hamirpur,GEN,ASHOK KUMAR SINGH CHANDEL,M,GEN,49,SP,165938,3,Hindu,63
,Unknown,0
47,Hamirpur,GEN,LALLU PRASAD,M,SC,38,IND,9268,5,Hindu,16
47,Hamirpur,GEN,HAKEEM KHAN,M,GEN,56,BAP,7593,6,Muslim,46
47,Hamirpur,GEN,ANIL KUMAR,M,SC,30,ASP,6169,7,Hindu,22
47,Hamirpur,GEN,PARMESHWAR DAYAL,M,SC,60,IND,4445,8,Hindu,23
47,Hamirpur,GEN,LALLA,M,GEN,46,IND,4013,9,Christian,66
47,Hamirpur,GEN,NEERAJ KUMAR NIRALA,M,SC,28,IND,3534,10,Hindu,66
47,Hamirpur,GEN,AMIT KUMAR,M,GEN,28,AD,2964,11,Hindu,46
47,Hamirpur,GEN,DESH RAJ,M,SC,45,IND,2404,12,Hindu,16
47,Hamirpur,GEN,SHIVPRASAD PRAJAPATI,M,GEN,33,IJP,2345,13,Hindu,16
47,Hamirpur,GEN,KANTI,F,GEN,43,LD,1854,14,Hindu,10
47,Hamirpur,GEN,GIRDHARILAL,M,SC,70,NELU,1804,15,Unknown,0
47,Hamirpur,GEN,KAPIL KUMAR,M,GEN,30,NLHP,1670,16,Hindu,16
48,Banda,GEN,R. K. SINGH PATEL,M,GEN,49,SP,240948,1,Hindu,49
48,Banda,GEN,BHAIRON PRASAD MISHRA,M,GEN,55,BSP,206355,2,Hindu,46
48,Banda,GEN,AMITA BAJPAI,F,GEN,39,BJP,85587,3,Hindu,46
48,Banda,GEN,BHAGAWAN DEEN GARG,M,GEN,47,INC,38571,4,Muslim,33
48,Banda,GEN,SHIV KUMAR,M,SC,43,IND,9005,5,Hindu,16
48,Banda,GEN,SANTOSH KUMAR,M,GEN,54,CPI,7942,6,Hindu,46
48,Banda,GEN,PARASHU RAM NISHAD,M,GEN,45,AD,6861,7,Hindu,29
48,Banda,GEN,BALENDRA NATH,M,GEN,38,IND,4722,8,Sikh,83
48,Banda,GEN,ASHOK KUMAR,M,GEN,40,IJP,4229,9,Hindu,46
48,Banda,GEN,LALIT KUMAR,M,GEN,37,ASP,3858,10,Hindu,9
48,Banda,GEN,MANOJ KUMAR,M,GEN,30,IND,3121,11,Hindu,46
48,Banda,GEN,JAGAN NATH SINGH,M,GEN,62,IND,2374,12,Hindu,46
48,Banda,GEN,PRAKASH NARAYAN,M,SC,32,IND,2265,13,Hindu,32
48,Banda,GEN,ANAND,M,GEN,45,UCPI,1713,14,Hindu,16
48,Banda,GEN,ANSH DHARI,M,GEN,29,IND,1667,15,Hindu,83
49,Fatehpur,GEN,RAKESH SACHAN,M,GEN,53,SP,218953,1,Hindu,83
49,Fatehpur,GEN,MAHENDRA PRASAD NISHAD,M,GEN,37,BSP,166725,2,Hindu,60
49,Fatehpur,GEN,RADHEY SHYAM GUPTA,M,GEN,69,BJP,115712,3,Hindu,50
49,Fatehpur,GEN,VIBHAKAR SHASTRI,M,GEN,44,INC,101853,4,Hindu,83
49,Fatehpur,GEN,NARSINGH PATEL,M,GEN,54,IND,23488,5,Hindu,16
49,Fatehpur,GEN,JAGESHWAR PAL,M,GEN,58,NCP,10693,6,Hindu,16
49,Fatehpur,GEN,DR. SONEY LAL PATEL,M,GEN,59,AD,10628,7,Hindu,9
49,Fatehpur,GEN,AJEYA SINGH,M,GEN,52,JM,7422,8,Hindu,16
49,Fatehpur,GEN,HARISH CHANDRA SWARNKAR,M,GEN,40,IND,6444,9,Hindu,29
49,Fatehpur,GEN,ANSHU MAN SINGH (ADVOCATE),M,GEN,43,IND,6031,10,Hindu,27
49,Fatehpur,GEN,DILEEP VERMA,M,GEN,43,IND,5829,11,Hindu,46
49,Fatehpur,GEN,JAGDEESH NARAIN SHARMA,M,GEN,39,IND,5790,12,Sikh,33
49,Fatehpur,GEN,UDIT RAJ,M,SC,51,IJP,5573,13,Hindu,5
49,Fatehpur,GEN,MAHFAZUL HAK ALIAS RAJU KHAN,M,GEN,38,IND,2852,14,Muslim,5
49,Fatehpur,GEN,VISHWASWAROOP MAURYA,M,GEN,57,ABAS,1708,15,Hindu,16
49,Fatehpur,GEN,MUNNA SINGH,M,GEN,34,KKJHS,1657,16,Hindu,5
49,Fatehpur,GEN,RAEES,M,GEN,33,PECP,1586,17,Muslim,23
49,Fatehpur,GEN,MATIN,M,GEN,42,ANC,1439,18,Muslim,16
50,Kaushambi,SC,SHAILENDRA KUMAR,M,SC,51,SP,246501,1,Hindu,46
50,Kaushambi,SC,GIRISH CHANDRA PASI,M,SC,39,BSP,190712,2,Hindu,66
50,Kaushambi,SC,RAM NIHOR RAKESH,M,SC,64,INC,40765,3,Hindu,29
50,Kaushambi,SC,GAUTAM CHAUDHARY,M,SC,44,BJP,30475,4,Hindu,24
50,Kaushambi,SC,UMESH CHANDRA PASI,M,SC,40,AD,18799,5,Hindu,22
50,Kaushambi,SC,RAM SARAN,M,SC,56,IND,11570,6,Hindu,8
50,Kaushambi,SC,MAN SINGH,M,SC,28,IND,3973,7,Hindu,6
50,Kaushambi,SC,JAGDEO,M,SC,53,IND,3041,8,Hindu,66
50,Kaushambi,SC,GULAB SONKAR,M,SC,45,IJP,2975,9,Unknown,0
50,Kaushambi,SC,GULAB CHANDRA,M,SC,39,IND,2500,10,Hindu,5
51,Phulpur,GEN,KAPIL MUNI KARWARIYA,M,GEN,42,BSP,167542,1,Hindu,8
51,Phulpur,GEN,SHYAMA CHARAN GUPTA,M,GEN,63,SP,152964,2,Hindu,14
51,Phulpur,GEN,DR. SONE LAL PATEL,M,GEN,59,IND,76699,3,Hindu,9
51,Phulpur,GEN,DHARMARAJ SINGH PATEL,M,GEN,50,INC,67623,4,Hindu,49
51,Phulpur,GEN,KARAN SINGH PATEL,M,GEN,50,BJP,44828,5,Hindu,19
51,Phulpur,GEN,DR. MILAN MUKHERJEE,M,GEN,67,IND,8357,6,Hindu,46
51,Phulpur,GEN,MUNISHWAR SINGH MAURYA,M,GEN,65,IND,6111,7,Hindu,49
51,Phulpur,GEN,RADHIKA PAL,F,GEN,34,IND,4977,8,Hindu,46
51,Phulpur,GEN,BHARAT LAL,M,SC,52,IND,4156,9,Hindu,5
51,Phulpur,GEN,CHANDRAJEET,M,GEN,28,LD,2328,10,Unknown,0
51,Phulpur,GEN,RADHESHYAM SINGH YADAV,M,GEN,72,IND,1751,11,Hindu,52
51,Phulpur,GEN,DR. NEERAJ,M,GEN,43,IND,1563,12,Hindu,66
51,Phulpur,GEN,SAMAR BAHADUR SHARMA,M,GEN,40,IND,1544,13,Muslim,6
51,Phulpur,GEN,PRADEEP KUMAR SRIVASTAVA,M,GEN,49,AD,1438,14,Hindu,33
51,Phulpur,GEN,RAMSHANKAR,M,GEN,47,IND,1332,15,Unknown,0
51,Phulpur,GEN,RAM JANM YADAV,M,GEN,31,IND,1216,16,Hindu,8
51,Phulpur,GEN,VIJAY KUMAR,M,SC,56,GMS,1156,17,Hindu,46
51,Phulpur,GEN,LALLAN SINGH,M,GEN,35,RSBP,1139,18,Hindu,16
51,Phulpur,GEN,DEVENDRA PRATAP SINGH,M,GEN,38,RDMP,1113,19,Hindu,17
51,Phulpur,GEN,KRISHNA KUMAR,M,GEN,33,IND,1003,20,Hindu,46
51,Phulpur,GEN,SANJEEV KUMAR MISHRA,M,GEN,30,YVP,929,21,Hindu,50
51,Phulpur,GEN,SATISH YADAV,M,GEN,34,IJP,838,22,Hindu,46
51,Phulpur,GEN,VIRENDRA PAL SINGH,M,GEN,66,IND,687,23,Hindu,50
51,Phulpur,GEN,SHAILENDRA KUMAR PRAJAPATI,M,GEN,40,IND,623,24,Hindu,50
52,Allahabad,GEN,KUNWAR REWATI RAMAN SINGH ALIAS MANI JI,M,GEN,65,SP,209431,1,Hindu,28
52,Allahabad,GEN,ASHOK KUMAR BAJPAI,M,GEN,58,BSP,174511,2,Hindu,50
52,Allahabad,GEN,YOGESH SHUKLA,M,GEN,39,BJP,60997,3,Hindu,5
52,Allahabad,GEN,SHYAM KRISHNA PANDEY,M,GEN,65,INC,37028,4,Hindu,50
52,Allahabad,GEN,BIHARI LAL SHARMA,M,GEN,54,AD,22086,5,Hindu,9
52,Allahabad,GEN,HIRA LAL,M,SC,54,IND,7537,6,Hindu,6
52,Allahabad,GEN,ABHAY SRIVASTAVA,M,GEN,31,IND,5976,7,Hindu,46
52,Allahabad,GEN,KM. KUSUM KUMARI AD,F,SC,45,IND,4236,8,Hindu,22
52,Allahabad,GEN,AKBAL MOHAMMD,M,GEN,34,IND,2358,9,Unknown,0
52,Allahabad,GEN,NARENDRA KUMAR TEWARI,M,GEN,47,IND,2340,10,Hindu,66
52,Allahabad,GEN,OM PRAKASH,M,GEN,41,RMSP,2253,11,Unknown,0
52,Allahabad,GEN,SARFUDDIN,M,GEN,32,NELU,2062,12,Unknown,0
52,Allahabad,GEN,AJUG NARAIN,M,GEN,33,IND,1493,13,Sikh,66
52,Allahabad,GEN,DR. MOHD. SALMAN RASHIDI,M,GEN,57,IND,1455,14,Muslim,30
52,Allahabad,GEN,RAM PARIKHAN SINGH,M,GEN,59,JPS,1366,15,Hindu,8
52,Allahabad,GEN,VIJAY SHANKAR,M,SC,45,BSA,1353,16,Hindu,62
52,Allahabad,GEN,BAIJAL KUMAR,M,SC,48,BSP(K),1221,17,Hindu,16
52,Allahabad,GEN,SADHNA AGARWAL,F,GEN,47,IND,1190,18,Hindu,22
52,Allahabad,GEN,GULAB GRAMEEN,M,GEN,47,LD,1130,19,Unknown,0
52,Allahabad,GEN,GOPAL SWROOP JOSHI,M,GEN,62,IND,1099,20,Hindu,46
52,Allahabad,GEN,RAM LAL,M,SC,46,IND,1088,21,Hindu,8
52,Allahabad,GEN,RAJESH PASI,M,SC,32,RSBP,1021,22,Hindu,83
52,Allahabad,GEN,KM. SHASHI PANDEY,F,GEN,45,IND,998,23,Hindu,46
52,Allahabad,GEN,RAMA KANT,M,SC,47,IJP,991,24,Hindu,6
52,Allahabad,GEN,RAJ BALI,M,SC,51,IND,977,25,Hindu,5
52,Allahabad,GEN,BAJRANG DUTT,M,GEN,36,IND,867,26,Hindu,46
52,Allahabad,GEN,RAM GOVIND,M,SC,46,IND,856,27,Hindu,29
52,Allahabad,GEN,RAM JEET,M,SC,38,IND,750,28,Unknown,0
52,Allahabad,GEN,RAKESH KUMAR,M,GEN,47,IND,611,29,Hindu,46
52,Allahabad,GEN,MUNNU PRASAD,M,GEN,44,IND,515,30,Hindu,16
52,Allahabad,GEN,RAVI PRAKASH,M,GEN,41,IND,401,31,Hindu,9
53,Barabanki,SC,P.L.PUNIA,M,SC,64,INC,328418,1,Unknown,0
53,Barabanki,SC,RAM SAGAR,M,SC,62,SP,160505,2,Hindu,8
53,Barabanki,SC,KAMALA PRASAD RAWAT,M,SC,47,BSP,159837,3,Hindu,50
53,Barabanki,SC,RAM NARESH RAWAT,M,SC,44,BJP,47660,4,Hindu,20
53,Barabanki,SC,LAJJAWATI KANCHAN,F,SC,43,IND,12950,5,Hindu,62
53,Barabanki,SC,MAHANT VISHRAM DAS,M,SC,67,IND,10667,6,Hindu,55
53,Barabanki,SC,GAYA PRASAD,M,SC,50,IND,5792,7,Hindu,16
53,Barabanki,SC,JEEVAN,M,SC,26,JPS,4036,8,Hindu,9
53,Barabanki,SC,PREM CHANDRA ARYA,M,SC,33,IND,2650,9,Hindu,21
53,Barabanki,SC,DEPENDRA KUMAR RAWAT,M,SC,25,IND,2353,10,Hindu,46
53,Barabanki,SC,RAM AUTAR,M,SC,39,IND,2320,11,Hindu,6
53,Barabanki,SC,SANTRAM,M,SC,40,NBNP,1812,12,Unknown,0
53,Barabanki,SC,DESHRAJ,M,SC,49,BSRD,1595,13,Unknown,0
53,Barabanki,SC,BHAGAUTI,M,SC,54,AD,1422,14,Unknown,0
53,Barabanki,SC,BABADEEN,M,SC,49,BRPP,1411,15,Unknown,0
54,Faizabad,GEN,NIRMAL KHATRI,M,GEN,58,INC,211543,1,Hindu,4
54,Faizabad,GEN,MITRASEN,M,GEN,76,SP,157315,2,Unknown,0
54,Faizabad,GEN,LALLU SINGH,M,GEN,54,BJP,151558,3,Hindu,16
,Unknown,0
54,Faizabad,GEN,NUSRAT QUDDUSI ALIAS BABLOO,M,GEN,41,PECP,24893,5,Muslim,83
54,Faizabad,GEN,ATAURR RAHMAN ANSARI,M,GEN,52,IND,13648,6,Muslim,46
54,Faizabad,GEN,GULAM SABIR,M,GEN,42,NBNP,7522,7,Muslim,66
54,Faizabad,GEN,AMARNATH VERMA,M,GEN,36,IND,5644,8,Hindu,46
54,Faizabad,GEN,SUSHIL KUMAR,M,GEN,45,BLKD,5197,9,Hindu,46
54,Faizabad,GEN,RAMESH KUMAR RAWAT,M,SC,42,MADP,4149,10,Hindu,21
54,Faizabad,GEN,GIRISH CHANDRA VERMA,M,GEN,32,AD,3837,11,Hindu,50
54,Faizabad,GEN,SIYARAM KORI,M,SC,50,IND,3478,12,Unknown,0
54,Faizabad,GEN,DINA NATH PANDEY,M,GEN,35,IND,3402,13,Christian,2
54,Faizabad,GEN,SAIYYAD MUSHEER AHMED,M,GEN,55,AP,3209,14,Muslim,3
54,Faizabad,GEN,AJAY KUMAR,M,GEN,25,KKJHS,3049,15,Hindu,46
54,Faizabad,GEN,MANISH KUMAR PANDEY,M,GEN,35,ABHM,2995,16,Hindu,50
54,Faizabad,GEN,NASREEN BANO,F,GEN,38,IND,2646,17,Muslim,83
54,Faizabad,GEN,BALAK RAM ALIAS SHIV BALAK PASI,M,SC,34,IND,2206,18,Hindu,17
54,Faizabad,GEN,CHANDRASHEKHAR SINGH,M,GEN,36,BPD,2077,19,Hindu,46
54,Faizabad,GEN,ATUL KUMAR PANDEY,M,GEN,39,THPI,1553,20,Hindu,50
54,Faizabad,GEN,AMAR NATH JAISWAL,M,GEN,44,RTKP,1295,21,Hindu,4
54,Faizabad,GEN,SWAMI NATH,M,GEN,29,IND,1214,22,Hindu,83
54,Faizabad,GEN,RAM DHIRAJ,M,SC,46,IND,1029,23,Hindu,29
55,Ambedkar Nagar,GEN,RAKESH PANDEY,M,GEN,55,BSP,259487,1,Hindu,46
55,Ambedkar Nagar,GEN,SHANKHLAL MAJHI,M,GEN,54,SP,236751,2,Hindu,16
55,Ambedkar Nagar,GEN,VINAY KATIYAR,M,GEN,49,BJP,226067,3,Unknown,0
55,Ambedkar Nagar,GEN,DINESH KUMAR RAJBHAR,M,GEN,33,SBSP,22075,4,Hindu,66
55,Ambedkar Nagar,GEN,DEO PRASAD MISHRA,M,GEN,42,IND,10061,5,Hindu,46
55,Ambedkar Nagar,GEN,NABAB ALI,M,GEN,55,IND,8242,6,Muslim,16
55,Ambedkar Nagar,GEN,CHANDRA BHUSHAN,M,GEN,61,IND,5217,7,Hindu,62
55,Ambedkar Nagar,GEN,IFTEKHAR AHMAD,M,GEN,37,IND,5195,8,Hindu,2
55,Ambedkar Nagar,GEN,LALMAN,M,GEN,34,JPS,4898,9,Unknown,0
55,Ambedkar Nagar,GEN,GAYADEEN,M,SC,43,IND,3928,10,Unknown,0
55,Ambedkar Nagar,GEN,PARASHU RAM,M,GEN,49,IND,3462,11,Hindu,5
55,Ambedkar Nagar,GEN,PATANJALI JAITALI,M,GEN,58,IND,2953,12,Hindu,83
55,Ambedkar Nagar,GEN,BAL MUKUND DHURIYA,M,GEN,31,CPI(ML)(L),2909,13,Hindu,83
55,Ambedkar Nagar,GEN,KAILASH KUMAR SHUKLA,M,GEN,60,IND,2896,14,Hindu,50
55,Ambedkar Nagar,GEN,BASANT LAL,M,GEN,53,PECP,2844,15,Hindu,16
55,Ambedkar Nagar,GEN,SRIRAM AMBESH,M,SC,61,IND,2782,16,Hindu,83
55,Ambedkar Nagar,GEN,SANTOSH KUMAR,M,GEN,50,ABHM,2643,17,Hindu,46
55,Ambedkar Nagar,GEN,VIJAY KUMAR MAURYA,M,GEN,38,RASD,1900,18,Hindu,50
55,Ambedkar Nagar,GEN,DR. LAL BAHADUR,M,GEN,42,IND,1730,19,Parsi,8
55,Ambedkar Nagar,GEN,MANSHARAM,M,GEN,40,MADP,1652,20,Unknown,0
55,Ambedkar Nagar,GEN,BHARTHARI,M,SC,44,BRPP,1594,21,Unknown,0
55,Ambedkar Nagar,GEN,RAM SUKH SAHOO,M,GEN,50,IND,1524,22,Hindu,8
56,Bahraich,SC,KAMAL KISHOR,M,SC,57,INC,160005,1,Hindu,28
56,Bahraich,SC,LAL MANI PRASAD,M,SC,55,BSP,121052,2,Hindu,5
56,Bahraich,SC,SHABBEER AHMAD,M,SC,50,SP,120791,3,Hindu,2
56,Bahraich,SC,AKSHAYBAR LAL,M,SC,63,BJP,71492,4,Hindu,16
56,Bahraich,SC,RAM SARAN,M,SC,34,IND,12064,5,Hindu,8
56,Bahraich,SC,GOPAL,M,SC,49,SBSP,5893,6,Hindu,66
56,Bahraich,SC,MANU DEVI,F,SC,31,PECP,5255,7,Hindu,13
56,Bahraich,SC,HARENDRA KUMAR,M,SC,31,JPS,3943,8,Hindu,5
56,Bahraich,SC,MAIKOO LAL,M,SC,63,IND,3353,9,Hindu,16
56,Bahraich,SC,SATYA NARAIN,M,SC,66,RPI(A),2719,10,Sikh,22
56,Bahraich,SC,HEERA LAL,M,SC,59,ANC,2717,11,Hindu,6
56,Bahraich,SC,RAM CHHABEELE SUBHASH,M,SC,44,BSRD,1718,12,Hindu,29
56,Bahraich,SC,TULSI RAM,M,SC,41,RDMP,1699,13,Hindu,14
57,Kaiserganj,GEN,BRIJBHUSHAN SHARAN SINGH,M,GEN,52,SP,196063,1,Hindu,4
57,Kaiserganj,GEN,SURENDRA NATH AWASTHI,M,GEN,53,BSP,123864,2,Hindu,5
57,Kaiserganj,GEN,DR LALTA PRASAD MISHRA ALIAS DR L P MISHRA,M,GEN,59,BJP,120561,3,Hindu,35
57,Kaiserganj,GEN,MOHD ALEEM,M,GEN,46,INC,73140,4,Muslim,62
57,Kaiserganj,GEN,JAGDISH  PRASAD,M,SC,38,IND,7408,5,Hindu,46
57,Kaiserganj,GEN,RAMENDER DEV PATHAK,M,GEN,60,PECP,6272,6,Hindu,46
57,Kaiserganj,GEN,ZAMEER AHMAD,M,GEN,53,ANC,3870,7,Hindu,2
57,Kaiserganj,GEN,VIMAL VERMA,M,GEN,30,IND,3427,8,Hindu,5
57,Kaiserganj,GEN,JITENDRA BAHADUR,M,GEN,57,IND,3119,9,Unknown,0
57,Kaiserganj,GEN,JAGDISH,M,GEN,40,IND,2940,10,Hindu,66
57,Kaiserganj,GEN,PARAMHANS SINGH,M,GEN,33,IND,2742,11,Hindu,16
57,Kaiserganj,GEN,DAYA RAM,M,GEN,41,PDFO,2736,12,Hindu,9
57,Kaiserganj,GEN,RADHEYSHYAM  BOAT,M,GEN,62,IND,2442,13,Unknown,0
57,Kaiserganj,GEN,CHANDRA  BHAN,M,GEN,42,IND,2376,14,Hindu,46
57,Kaiserganj,GEN,RAJ KISHOR SINGH,M,GEN,38,IND,2277,15,Hindu,21
57,Kaiserganj,GEN,HAFEEZ,M,GEN,47,AD,1907,16,Muslim,16
57,Kaiserganj,GEN,MANOJ KUMAR,M,GEN,33,LD,1860,17,Hindu,46
57,Kaiserganj,GEN,RAM PRAKSH,M,SC,39,RPI(A),1736,18,Hindu,6
57,Kaiserganj,GEN,UDAI RAJ,M,SC,52,IND,1651,19,Hindu,5
57,Kaiserganj,GEN,OM PRAKASH,M,GEN,35,IND,1549,20,Unknown,0
57,Kaiserganj,GEN,VINESH KUMAR,M,GEN,32,IND,1370,21,Hindu,46
57,Kaiserganj,GEN,ANOKHI LAL,M,SC,49,IND,1287,22,Hindu,46
57,Kaiserganj,GEN,RAMPHER ALIAS CHUNTI,M,SC,59,IND,1044,23,Unknown,0
58,Shrawasti,GEN,VINAY KUMAR ALIAS VINNU,M,GEN,45,INC,201556,1,Hindu,22
58,Shrawasti,GEN,RIZVAN ZAHEER,M,GEN,46,BSP,159527,2,Muslim,83
58,Shrawasti,GEN,RUBAB SAIDA,F,GEN,58,SP,111247,3,Unknown,0
58,Shrawasti,GEN,SATYA DEO SINGH,M,GEN,63,BJP,47943,4,Hindu,5
58,Shrawasti,GEN,RAJESHWAR MISHRA,M,GEN,28,PECP,44691,5,Hindu,16
58,Shrawasti,GEN,VINOD KUMAR PANDEY,M,GEN,27,IND,14002,6,Hindu,50
58,Shrawasti,GEN,KULDEEP,M,GEN,44,SBSP,9040,7,Hindu,16
58,Shrawasti,GEN,RAM ADHAR,M,SC,62,RPI(A),6354,8,Hindu,6
58,Shrawasti,GEN,RAM SUDHI,M,SC,38,IND,3988,9,Hindu,21
58,Shrawasti,GEN,TEJ BAHADUR,M,GEN,32,IND,3602,10,Unknown,0
58,Shrawasti,GEN,ARUN KUMAR,M,GEN,33,ANC,3436,11,Hindu,46
59,Gonda,GEN,BENI PRASAD VERMA,M,GEN,68,INC,155675,1,Hindu,46
59,Gonda,GEN,KIRTI VARDHAN SINGH  (RAJA BHAIYA),M,GEN,43,BSP,132000,2,Hindu,63
59,Gonda,GEN,RAM PRATAP SINGH,M,GEN,58,BJP,90498,3,Hindu,17
59,Gonda,GEN,VINOD KUMAR SINGH ALIAS PANDIT SINGH,M,GEN,42,SP,88558,4,Hindu,61
59,Gonda,GEN,ASHIQ ALI,M,GEN,46,PECP,73235,5,Hindu,8
59,Gonda,GEN,OM PRAKASH,M,GEN,47,IND,7297,6,Unknown,0
59,Gonda,GEN,DR ACHYUTA NAND DUBEY,M,GEN,64,NCP,6278,7,Hindu,29
59,Gonda,GEN,NARENDRA SINGH,M,GEN,34,IND,5484,8,Hindu,46
59,Gonda,GEN,PREM KUMAR,M,GEN,26,SBSP,5213,9,Hindu,5
59,Gonda,GEN,OM PRAKASH SINGH,M,GEN,54,JPS,4256,10,Hindu,5
59,Gonda,GEN,RAJENDRA PRASAD,M,GEN,55,ANC,4192,11,Hindu,4
59,Gonda,GEN,ANURADHA PATEL,F,GEN,42,IND,3828,12,Hindu,46
59,Gonda,GEN,AKHILENDRA KUMAR PATHAK,M,GEN,34,IND,3383,13,Hindu,46
59,Gonda,GEN,SATYA PRAKASH,M,GEN,39,IND,3027,14,Hindu,9
59,Gonda,GEN,RADHEY SHYAM,M,GEN,59,IND,2775,15,Hindu,62
59,Gonda,GEN,RAM LOCHAN,M,GEN,46,ABHM,2485,16,Hindu,29
59,Gonda,GEN,HARSH VARDHAN PANDEY,M,GEN,33,LD,2436,17,Hindu,17
59,Gonda,GEN,BAIJNATH,M,GEN,30,IND,2330,18,Unknown,0
59,Gonda,GEN,VIDYA SAGAR,M,GEN,36,AD,2161,19,Hindu,4
59,Gonda,GEN,GANGA DHAR SHUKLA,M,GEN,38,IND,2133,20,Hindu,46
59,Gonda,GEN,DEEPAK,M,GEN,31,IND,2005,21,Hindu,6
59,Gonda,GEN,RAJENDRA PRASAD,M,GEN,28,IND,1780,22,Hindu,4
59,Gonda,GEN,RAM KEWAL,M,GEN,41,VAJP,1550,23,Hindu,21
59,Gonda,GEN,RAM LAKHAN,M,SC,54,IND,1515,24,Hindu,29
59,Gonda,GEN,RAM PRASAD,M,GEN,61,IND,1149,25,Hindu,8
60,Domariyaganj,GEN,JAGDAMBIKA PAL,M,GEN,59,INC,229872,1,Hindu,16
60,Domariyaganj,GEN,JAI PRATAP SINGH,M,GEN,55,BJP,153306,2,Hindu,7
60,Domariyaganj,GEN,MOHD. MUQUEEM,M,GEN,59,BSP,151787,3,Unknown,0
60,Domariyaganj,GEN,INAMULLAH CHAUDHARY,M,GEN,66,PECP,79820,4,Hindu,16
60,Domariyaganj,GEN,MATA PRASAD PANDEY,M,GEN,72,SP,60186,5,Hindu,46
60,Domariyaganj,GEN,SIRAJ AHAMAD,M,GEN,26,IND,12769,6,Muslim,83
60,Domariyaganj,GEN,MUKHDEV,M,GEN,41,SBSP,9851,7,Unknown,0
60,Domariyaganj,GEN,PINGAL PRASAD,M,SC,41,RPI,6136,8,Hindu,46
60,Domariyaganj,GEN,RAM KRIPAL,M,GEN,58,IND,5949,9,Hindu,29
60,Domariyaganj,GEN,MOTILAL VIDHYARTHI,M,SC,59,IND,4670,10,Hindu,83
60,Domariyaganj,GEN,RAM SAMUJH,M,GEN,41,BJBCD,4307,11,Hindu,6
60,Domariyaganj,GEN,RAHUL SANGH PRIYA BHARTI,M,SC,36,IJP,4050,12,Hindu,50
60,Domariyaganj,GEN,RAJDEV,M,GEN,35,BEP,3512,13,Sikh,66
60,Domariyaganj,GEN,HARISHANKAR,M,GEN,45,LJP,3508,14,Hindu,66
60,Domariyaganj,GEN,BALKRISHNA,M,GEN,39,BSP(K),3132,15,Unknown,0
60,Domariyaganj,GEN,JITENDRA PRATAP SINGH,M,GEN,46,RDMP,3024,16,Hindu,29
61,Basti,GEN,ARVIND KUMAR CHAUDHARY,M,GEN,43,BSP,268666,1,Hindu,50
61,Basti,GEN,RAJ KISHOR SINGH,M,GEN,38,SP,163456,2,Hindu,21
61,Basti,GEN,DR. Y. D. SINGH,M,GEN,64,BJP,117259,3,Hindu,16
61,Basti,GEN,BASANT CHAUDHARY,M,GEN,43,INC,95235,4,Hindu,16
61,Basti,GEN,DAYASHANKAR PATWA,M,GEN,57,PECP,67987,5,Hindu,83
61,Basti,GEN,VINOD KUMAR RAJBHAR,M,GEN,33,SBSP,12775,6,Hindu,66
61,Basti,GEN,SATISH CHANDRA SHARMA,M,GEN,40,IND,11430,7,Hindu,50
61,Basti,GEN,DALBAG SINGH,M,GEN,50,BSP(K),10718,8,Hindu,16
61,Basti,GEN,SATYADEV OJHA,M,SC,70,IND,6017,9,Hindu,25
61,Basti,GEN,RAM NAYAN PATEL,M,GEN,49,AD,3478,10,Hindu,20
61,Basti,GEN,SHIV POOJAN ARYA,M,GEN,52,IND,3383,11,Hindu,29
61,Basti,GEN,SANJEEV KUMAR NISHAD,M,GEN,27,BUM,3123,12,Hindu,60
61,Basti,GEN,OM PRAKASH,M,GEN,40,VAJP,3091,13,Unknown,0
61,Basti,GEN,RAM LALAN YADAV,M,GEN,36,IND,2925,14,Hindu,20
61,Basti,GEN,SITARAM NISHAD,M,GEN,63,JPS,2313,15,Hindu,62
61,Basti,GEN,SHIVDAS,M,SC,50,SSD,1923,16,Unknown,0
62,Sant kabir Nagar,GEN,BHISMA SHANKAR ALIAS KUSHAL TIWARI,M,GEN,44,BSP,211043,1,Hindu,21
62,Sant kabir Nagar,GEN,SHARAD TRIPATHI,M,GEN,35,BJP,181547,2,Hindu,46
62,Sant kabir Nagar,GEN,BHAL CHANDRA YADAV,M,GEN,42,SP,171045,3,Hindu,46
62,Sant kabir Nagar,GEN,RAJESH SINGH,M,GEN,37,PECP,107779,4,Hindu,46
62,Sant kabir Nagar,GEN,FAZLEY MAHAMOOD,M,GEN,41,INC,33899,5,Unknown,0
62,Sant kabir Nagar,GEN,KAMLA KANT CHAUDHARY,M,GEN,41,CPI,11954,6,Hindu,46
62,Sant kabir Nagar,GEN,JOOGESH YADAV,M,GEN,35,IND,9462,7,Hindu,16
62,Sant kabir Nagar,GEN,RAM AVADH NISHAD,M,GEN,62,SBSP,9273,8,Hindu,29
62,Sant kabir Nagar,GEN,ANJU,F,GEN,28,IND,8163,9,Hindu,66
62,Sant kabir Nagar,GEN,INDRA KUMAR,M,GEN,37,BUM,6150,10,Hindu,9
62,Sant kabir Nagar,GEN,HARISH CHANDRA,M,GEN,32,IND,5887,11,Hindu,19
62,Sant kabir Nagar,GEN,LOTAN ALIAS LAUTAN PRASAD,M,SC,47,SSD,5103,12,Hindu,16
62,Sant kabir Nagar,GEN,JANTRI LAL,M,GEN,37,JPS,4910,13,Hindu,16
62,Sant kabir Nagar,GEN,SHRI BABA RAM CHANDRA,M,GEN,52,IND,4285,14,Hindu,17
62,Sant kabir Nagar,GEN,RAM ACHAL,M,SC,34,MADP,4252,15,Hindu,11
62,Sant kabir Nagar,GEN,VINOD RAI,M,GEN,38,NLHP,3563,16,Hindu,46
62,Sant kabir Nagar,GEN,RAMESH,M,GEN,26,IND,3562,17,Unknown,0
62,Sant kabir Nagar,GEN,SUSHILA JIGYASU,F,SC,29,IND,3489,18,Hindu,83
62,Sant kabir Nagar,GEN,KRISHNA NAND MISHRA,M,GEN,38,AIMF,2929,19,Hindu,29
62,Sant kabir Nagar,GEN,PANCHOO BELDAR,M,SC,48,ASP,2850,20,Unknown,0
62,Sant kabir Nagar,GEN,PHOOLDEO,M,GEN,49,IND,2621,21,Unknown,0
62,Sant kabir Nagar,GEN,VINAY PANDEY,M,GEN,31,IND,2498,22,Hindu,5
62,Sant kabir Nagar,GEN,KHELADI,M,SC,35,BRPP,2393,23,Unknown,0
62,Sant kabir Nagar,GEN,NITYANAND MANI TRIPATHI,M,GEN,35,IND,2264,24,Hindu,15
63,Maharajganj,GEN,HARSH VARDHAN,M,GEN,61,INC,305474,1,Hindu,26
63,Maharajganj,GEN,GANESH SHANKER PANDEY,M,GEN,51,BSP,181846,2,Hindu,46
63,Maharajganj,GEN,PANKAJ CHAUDHARY,M,GEN,38,BJP,173041,3,Hindu,46
63,Maharajganj,GEN,AJEET MANI,M,GEN,41,SP,106602,4,Hindu,3
63,Maharajganj,GEN,PAWAN KUMAR,M,GEN,39,RPI(A),21134,5,Hindu,46
63,Maharajganj,GEN,HANUMAN,M,SC,51,IND,10167,6,Hindu,66
63,Maharajganj,GEN,RAM KISHUN NISHAD,M,GEN,52,SBSP,8517,7,Hindu,29
63,Maharajganj,GEN,ABDWURRUF ANSARI,M,GEN,45,NLHP,7425,8,Muslim,16
63,Maharajganj,GEN,OMPRAKASH CHATURVEDI,M,GEN,63,IND,4479,9,Hindu,46
63,Maharajganj,GEN,LAL BIHARI,M,GEN,42,IND,4064,10,Hindu,7
63,Maharajganj,GEN,SHYAM SUNDER DAS CHAURASIA,M,GEN,28,IND,3965,11,Hindu,45
63,Maharajganj,GEN,CHAUDHARY SANJAY SINGH PATEL,M,GEN,29,IND,3886,12,Hindu,52
63,Maharajganj,GEN,SATYA NARAYAN URF SATNARAYAN,M,GEN,58,BEP,3539,13,Hindu,22
63,Maharajganj,GEN,DILIP KUMAR,M,SC,28,IND,2918,14,Hindu,46
63,Maharajganj,GEN,RAM NIVAS,M,GEN,37,IND,2149,15,Hindu,6
64,Gorakhpur,GEN,ADITYANATH,M,GEN,36,BJP,403156,1,Unknown,0
64,Gorakhpur,GEN,VINAY SHANKAR TIWARI,M,GEN,41,BSP,182885,2,Hindu,21
64,Gorakhpur,GEN,MANOJ TIWARI MRIDUL,M,GEN,39,SP,83059,3,Hindu,62
64,Gorakhpur,GEN,LALCHAND NISHAD,M,GEN,67,INC,30262,4,Hindu,62
64,Gorakhpur,GEN,CHHEDILAL,M,GEN,59,IND,8953,5,Unknown,0
64,Gorakhpur,GEN,NIRANJAN PRASAD,M,GEN,35,IND,6519,6,Hindu,46
64,Gorakhpur,GEN,GOVIND,M,SC,43,IND,4829,7,Hindu,66
64,Gorakhpur,GEN,AMAN,M,SC,35,ASP,3007,8,Unknown,0
64,Gorakhpur,GEN,HARISHCHANDRA,M,GEN,42,IND,2944,9,Hindu,66
64,Gorakhpur,GEN,DAYASHANKAR NISHAD,M,GEN,38,AD,2353,10,Hindu,62
64,Gorakhpur,GEN,SRINATH,M,GEN,29,SBSP,2261,11,Unknown,0
64,Gorakhpur,GEN,AWADHESH SINGH,M,GEN,32,IND,2232,12,Hindu,16
64,Gorakhpur,GEN,OMPRAKASH SINGH,M,GEN,43,IND,1879,13,Hindu,46
64,Gorakhpur,GEN,MANOJ TIWARI,M,GEN,30,IND,1802,14,Hindu,46
64,Gorakhpur,GEN,RAJESH SAHANI,M,GEN,44,CPI(ML)(L),1454,15,Hindu,83
64,Gorakhpur,GEN,DR. BRIJESH MANI TRIPATHI,M,GEN,44,IND,1447,16,Hindu,9
64,Gorakhpur,GEN,AJAY KUMAR,M,GEN,40,IND,1335,17,Hindu,46
64,Gorakhpur,GEN,NEERAJ YADAV,M,GEN,31,IND,1188,18,Hindu,46
64,Gorakhpur,GEN,RAJBAHADUR,M,GEN,28,IJP,1186,19,Unknown,0
64,Gorakhpur,GEN,JOKHAN PRASAD,M,GEN,46,EKSP,1066,20,Hindu,16
64,Gorakhpur,GEN,RAJMANI,M,GEN,46,BEP,1054,21,Unknown,0
64,Gorakhpur,GEN,RAMHIT NISHAD,M,GEN,53,IND,842,22,Hindu,66
64,Gorakhpur,GEN,RAJAN YADAV M.B.A.,M,GEN,31,IND,836,23,Hindu,22
64,Gorakhpur,GEN,RAKESH KUMAR,M,GEN,38,IND,811,24,Hindu,46
64,Gorakhpur,GEN,VINOD SHUKLA,M,GEN,29,IND,689,25,Hindu,46
64,Gorakhpur,GEN,LAL BAHADUR,M,GEN,68,IND,568,26,Parsi,8
65,Kushi Nagar,GEN,KU. RATANJEET PRATAP NARAYAN SINGH,M,GEN,45,INC,223954,1,Hindu,29
65,Kushi Nagar,GEN,SWAMI PRASAD MAURYA,M,GEN,54,BSP,202860,2,Hindu,50
65,Kushi Nagar,GEN,VIJAY DUBEY,M,GEN,41,BJP,162189,3,Hindu,46
65,Kushi Nagar,GEN,BRAMHA SHANKER TRIPATHI,M,GEN,56,SP,55223,4,Jain,33
65,Kushi Nagar,GEN,KISHOR KUMAR,M,GEN,40,IPP,18726,5,Hindu,46
65,Kushi Nagar,GEN,JANGI,M,GEN,55,SBSP,13534,6,Parsi,66
65,Kushi Nagar,GEN,DAROGA,M,GEN,37,IND,10687,7,Unknown,0
65,Kushi Nagar,GEN,JAI GOVIND,M,GEN,35,IND,7628,8,Hindu,24
65,Kushi Nagar,GEN,RAM BRIKSH,M,GEN,54,IND,5955,9,Hindu,6
65,Kushi Nagar,GEN,JAGDISH,M,GEN,57,IND,5592,10,Hindu,66
65,Kushi Nagar,GEN,AMEERUDDIN,M,GEN,31,IND,5147,11,Unknown,0
65,Kushi Nagar,GEN,ANIL,M,GEN,43,RPI(A),4378,12,Hindu,23
65,Kushi Nagar,GEN,RAMESH,M,GEN,35,IND,3141,13,Unknown,0
65,Kushi Nagar,GEN,MATIULLAH,M,GEN,43,NLHP,2879,14,Unknown,0
65,Kushi Nagar,GEN,MADAN LAL,M,GEN,46,MADP,2483,15,Hindu,22
65,Kushi Nagar,GEN,BABU LAL,M,GEN,40,BRPP,2440,16,Hindu,16
65,Kushi Nagar,GEN,K KUMAR,M,GEN,56,PRBD,2204,17,Hindu,16
65,Kushi Nagar,GEN,DHEERAJ SHEKHAR SHRIWASTAWA,M,GEN,49,RALOP,2021,18,Hindu,66
66,Deoria,GEN,GORAKH PRASAD JAISWAL,M,GEN,72,BSP,219889,1,Hindu,50
66,Deoria,GEN,SHRI PRAKASH MANI TRIPATHI,M,GEN,64,BJP,178110,2,Hindu,16
66,Deoria,GEN,MOHAN SINGH,M,GEN,58,SP,151389,3,Hindu,5
66,Deoria,GEN,BALESHWAR YADAV,M,GEN,55,INC,91488,4,Hindu,16
66,Deoria,GEN,SAFAYAT ALI,M,GEN,51,PECP,28841,5,Muslim,16
66,Deoria,GEN,VIJAY  JUAATHA,M,GEN,42,IND,14368,6,Hindu,83
66,Deoria,GEN,DHARMENDRA KUMAR,M,SC,33,SBSP,7992,7,Hindu,5
66,Deoria,GEN,MOTI LAL KUSHWAHA SHASTRI,M,GEN,59,RSMD,6846,8,Hindu,12
66,Deoria,GEN,GANGA PRASAD KUSHWAHA,M,GEN,70,PRBD,5293,9,Hindu,50
66,Deoria,GEN,SARITA,F,SC,27,ASP,4882,10,Hindu,66
66,Deoria,GEN,RAM KISHOR YADAV ALIAS VIDHAYAK,M,GEN,51,IND,3749,11,Hindu,29
66,Deoria,GEN,JAGDISH KUMAR VERMA,M,GEN,36,LPSP,2676,12,Hindu,50
67,Bansgaon,SC,KAMLESH PASWAN,M,SC,33,BJP,223011,1,Hindu,83
67,Bansgaon,SC,SHREE NATH JI,M,SC,58,BSP,170224,2,Hindu,35
67,Bansgaon,SC,SHARADA DEVI,F,SC,59,SP,113170,3,Hindu,11
67,Bansgaon,SC,MAHA BEER PRASAD,M,SC,66,INC,76432,4,Hindu,5
67,Bansgaon,SC,RAMA SHANKER,M,SC,37,PECP,17792,5,Hindu,6
67,Bansgaon,SC,VINAI KUMAR,M,SC,33,IND,12189,6,Hindu,16
67,Bansgaon,SC,MANOJ KUMAR,M,SC,29,IND,5481,7,Hindu,46
67,Bansgaon,SC,RAM PRAVESH PRASAD,M,SC,37,EKSP,5308,8,Hindu,8
67,Bansgaon,SC,KU. KUNJAWATI,F,SC,36,IND,4633,9,Unknown,0
67,Bansgaon,SC,RAMA PASWAN,M,SC,33,IND,4370,10,Hindu,6
67,Bansgaon,SC,CHANDRIKA,M,SC,29,RJPK,4333,11,Hindu,66
67,Bansgaon,SC,RAMKAWAL,M,SC,56,IND,3877,12,Unknown,0
67,Bansgaon,SC,RAMSAKAL,M,SC,32,IND,3393,13,Unknown,0
67,Bansgaon,SC,HARILAL,M,SC,32,BUM,3011,14,Hindu,66
67,Bansgaon,SC,RADHEYSHYAM,M,SC,35,IND,2003,15,Unknown,0
68,Lalganj,SC,DR. BALIRAM,M,SC,56,BSP,207998,1,Unknown,0
68,Lalganj,SC,NEELAM SONKAR,F,SC,33,BJP,168050,2,Hindu,83
68,Lalganj,SC,DAROGA PRASAD SAROJ,M,SC,60,SP,147182,3,Hindu,62
68,Lalganj,SC,CHANDRA RAM ALIAS CHANDU SAROJ,M,SC,36,IND,87777,4,Hindu,35
68,Lalganj,SC,RAM DAYAL ALIAS MOHAN,M,SC,32,SBSP,13915,5,Hindu,11
68,Lalganj,SC,HAREE PRASAD SONKER,M,SC,50,CPI,12957,6,Hindu,83
68,Lalganj,SC,SUKHNAYAN,M,SC,29,IND,9001,7,Unknown,0
68,Lalganj,SC,DHARMRAJ,M,SC,55,IND,3499,8,Unknown,0
68,Lalganj,SC,MANBHAWAN,M,SC,32,BRPP,3203,9,Unknown,0
68,Lalganj,SC,ACHCHHELAL,M,SC,42,IND,2489,10,Unknown,0
68,Lalganj,SC,URMILA DEVI,F,SC,27,IND,2408,11,Hindu,4
69,Azamgarh,GEN,RAMAKANT YADAV,M,GEN,49,BJP,247648,1,Hindu,46
69,Azamgarh,GEN,AKBAR AHMAD DUMPY,M,GEN,57,BSP,198609,2,Muslim,66
69,Azamgarh,GEN,DURGA PRASAD YADAV,M,GEN,56,SP,123844,3,Hindu,50
69,Azamgarh,GEN,DR. JAVED AKHTAR,M,GEN,54,IND,59270,4,Muslim,46
69,Azamgarh,GEN,SANTOSH KUMAR SINGH,M,GEN,49,INC,31159,5,Hindu,50
69,Azamgarh,GEN,DAAN BAHADUR YADAV,M,GEN,54,IND,10536,6,Unknown,0
69,Azamgarh,GEN,ARUN KUMAR SINGH,M,GEN,63,CPM,7088,7,Hindu,50
69,Azamgarh,GEN,RAM SINGH,M,GEN,35,IND,5453,8,Hindu,8
69,Azamgarh,GEN,VINOD,M,GEN,33,JPS,4168,9,Hindu,66
69,Azamgarh,GEN,JAI JAI RAM PRAJAPATI,M,GEN,36,LPSP,3825,10,Hindu,5
69,Azamgarh,GEN,YADUNATH,M,GEN,31,IND,3220,11,Hindu,66
69,Azamgarh,GEN,RAM BHAROS,M,GEN,34,BUM,2988,12,Hindu,6
69,Azamgarh,GEN,KEDAR NATH GIRI,M,GEN,49,IND,2239,13,Hindu,46
69,Azamgarh,GEN,RAM UJAGIR,M,GEN,45,IND,1834,14,Hindu,6
69,Azamgarh,GEN,KHAIRUL BASHAR,M,GEN,56,IND,1544,15,Unknown,0
69,Azamgarh,GEN,USMANA FARUQEE,F,GEN,27,IND,1438,16,Unknown,0
70,Ghosi,GEN,DARA SINGH CHAUHAN,M,GEN,50,BSP,220695,1,Hindu,11
70,Ghosi,GEN,ARSHAD JAMAL ANSARI,M,GEN,43,SP,159750,2,Muslim,21
70,Ghosi,GEN,SUDHA RAI,F,GEN,54,INC,150242,3,Hindu,16
70,Ghosi,GEN,RAM IQBAL,M,GEN,49,BJP,95340,4,Hindu,4
70,Ghosi,GEN,RAMESH ALIAS RAJU SINGH,M,GEN,41,SBSP,58577,5,Hindu,3
70,Ghosi,GEN,ATUL KUMAR SINGH ANJAN,M,GEN,55,CPI,21947,6,Hindu,60
70,Ghosi,GEN,KAILASH YADAV,M,GEN,46,PECP,15877,7,Hindu,46
70,Ghosi,GEN,AKHILESH,M,GEN,43,JPS,14945,8,Hindu,66
70,Ghosi,GEN,PALAKDHARI,M,SC,41,IND,8173,9,Unknown,0
70,Ghosi,GEN,HARISH CHANDRA,M,SC,62,RJPK,5152,10,Hindu,19
70,Ghosi,GEN,SUJIT KUMAR,M,GEN,34,IND,5136,11,Hindu,25
70,Ghosi,GEN,RAKESH,M,GEN,34,IND,2542,12,Hindu,66
70,Ghosi,GEN,ZAKIR HUSSAIN,M,GEN,45,IND,2180,13,Muslim,46
70,Ghosi,GEN,RAM BADAN KAUL,M,SC,60,BSA,2051,14,Hindu,6
70,Ghosi,GEN,LALJI RAJBHAR,M,GEN,44,BSD,1648,15,Unknown,0
70,Ghosi,GEN,ASHOK KUMAR,M,ST,27,IND,1610,16,Hindu,46
71,Salempur,GEN,RAMASHANKAR RAJBHAR,M,GEN,48,BSP,175088,1,Unknown,0
71,Salempur,GEN,DR. BHOLA PANDEY,M,GEN,55,INC,156783,2,Hindu,16
71,Salempur,GEN,HARIKEWAL,M,GEN,71,SP,135414,3,Unknown,0
,Unknown,0
71,Salempur,GEN,FATE BAHADUR,M,GEN,35,SBSP,16240,5,Unknown,0
71,Salempur,GEN,IZHAR,M,GEN,48,PECP,10958,6,Muslim,66
71,Salempur,GEN,PARASURAM,M,GEN,56,IND,6983,7,Unknown,0
71,Salempur,GEN,RAMDAYAL,M,GEN,57,JPS,5223,8,Unknown,0
71,Salempur,GEN,SRIRAM,M,GEN,50,CPI(ML)(L),4068,9,Hindu,66
71,Salempur,GEN,FULENDRA,M,GEN,40,IND,4025,10,Unknown,0
71,Salempur,GEN,RAMCHARAN,M,GEN,72,PDF,3502,11,Unknown,0
71,Salempur,GEN,SANJAY,M,GEN,36,IND,3335,12,Hindu,66
71,Salempur,GEN,ZUBAIR,M,GEN,39,NELU,3159,13,Muslim,66
71,Salempur,GEN,AMEER,M,GEN,53,IND,2896,14,Muslim,66
71,Salempur,GEN,JANG BAHADUR,M,GEN,50,BSD,2803,15,Unknown,0
71,Salempur,GEN,MAN JI,M,SC,50,IND,2498,16,Hindu,4
71,Salempur,GEN,RAMASHRAY CHAUHAN,M,GEN,55,MOP,2285,17,Hindu,46
71,Salempur,GEN,HARISHCHAND,M,GEN,48,EKSP,1949,18,Unknown,0
71,Salempur,GEN,RAMNAWAMI YADAV,M,GEN,37,SWJP,1697,19,Hindu,16
71,Salempur,GEN,MAHESH,M,GEN,70,IND,1569,20,Hindu,66
71,Salempur,GEN,SARVDAMAN,M,GEN,26,IND,1502,21,Unknown,0
71,Salempur,GEN,RAJENDRA ALIAS RAJAN,M,GEN,33,IND,1391,22,Hindu,6
71,Salempur,GEN,SATISH,M,GEN,37,IND,1235,23,Hindu,66
71,Salempur,GEN,SHAILENDRA,M,GEN,36,IND,835,24,Hindu,66
71,Salempur,GEN,VINDHACHAL,M,SC,44,IND,672,25,Unknown,0
72,Ballia,GEN,NEERAJ SHEKHAR,M,GEN,40,SP,276649,1,Hindu,62
72,Ballia,GEN,SANGRAM SINGH YADAV,M,GEN,48,BSP,204094,2,Hindu,49
72,Ballia,GEN,MANOJ SINHA,M,GEN,50,BJP,137740,3,Hindu,46
72,Ballia,GEN,RAMSAKAL,M,GEN,48,SBSP,25865,4,Unknown,0
72,Ballia,GEN,ANANT,M,GEN,36,IND,7036,5,Unknown,0
72,Ballia,GEN,HARIHAR,M,GEN,73,IND,5804,6,Unknown,0
72,Ballia,GEN,ARVIND KUMAR GOND,M,ST,30,GGP,4738,7,Hindu,66
72,Ballia,GEN,KANHAIYA PRAJAPATI,M,GEN,44,RSMD,2773,8,Hindu,46
72,Ballia,GEN,SHESHNATH,M,SC,40,IND,2462,9,Unknown,0
72,Ballia,GEN,RAJESH,M,GEN,40,JPS,2364,10,Hindu,66
72,Ballia,GEN,SHANKER RAM RAWAT,M,SC,43,IND,2050,11,Hindu,8
72,Ballia,GEN,RAMJI,M,SC,49,IND,1432,12,Unknown,0
72,Ballia,GEN,LALBABU,M,SC,36,IND,1348,13,Unknown,0
72,Ballia,GEN,GANGADYAL,M,SC,48,IND,1181,14,Unknown,0
72,Ballia,GEN,NARAYAN RAJBHAR,M,GEN,32,BSD,1114,15,Hindu,83
72,Ballia,GEN,DIWAKAR,M,GEN,38,IND,1079,16,Unknown,0
73,Jaunpur,GEN,DHANANJAY SINGH,M,GEN,33,BSP,302618,1,Hindu,46
73,Jaunpur,GEN,PARAS NATH YADAVA,M,GEN,54,SP,222267,2,Hindu,83
73,Jaunpur,GEN,SEEMA,F,GEN,37,BJP,143377,3,Unknown,0
73,Jaunpur,GEN,TASLEEM AHMED REHMANI,M,GEN,45,IND,51278,4,Muslim,66
73,Jaunpur,GEN,AJAY KASYAP - GUDDU,M,GEN,26,IND,10902,5,Hindu,62
73,Jaunpur,GEN,RAJESH S/O RAMESHCHANDRA,M,GEN,30,AD,6931,6,Hindu,83
73,Jaunpur,GEN,RAJESH S/O RAMYAGYA,M,GEN,32,EKSP,6872,7,Hindu,83
73,Jaunpur,GEN,JAGDISH CHANDRA ASTHANA,M,GEN,62,IND,4862,8,Hindu,50
73,Jaunpur,GEN,ACHHEYLAL NISHAD,M,GEN,61,NELU,3219,9,Hindu,66
73,Jaunpur,GEN,RAJKISHUN,M,GEN,26,RSBP,2396,10,Unknown,0
73,Jaunpur,GEN,RAVI SHANKAR,M,GEN,38,LJP,2172,11,Hindu,32
73,Jaunpur,GEN,SHEETALA PRASAD,M,GEN,51,RSP,2116,12,Hindu,16
73,Jaunpur,GEN,BAHADUR SONKAR,M,SC,48,IJP,1461,13,Unknown,0
73,Jaunpur,GEN,RAMCHANDAR,M,GEN,52,RASD,1218,14,Unknown,0
73,Jaunpur,GEN,GEETA SINGH,F,GEN,46,RDMP,1173,15,Hindu,16
73,Jaunpur,GEN,GIRAJA SHANKAR YADAVA,M,GEN,49,GGP,1048,16,Hindu,83
74,Machhlishahr,SC,TUFANI SAROJ,M,SC,48,SP,223152,1,Hindu,66
74,Machhlishahr,SC,KAMLA KANT GAUTAM (K.K. GAUTAM),M,SC,66,BSP,198846,2,Hindu,41
74,Machhlishahr,SC,VIDYASAGAR SONKER,M,SC,48,BJP,146031,3,Unknown,0
74,Machhlishahr,SC,RAM CHARITRA,M,SC,41,AD,56064,4,Hindu,29
74,Machhlishahr,SC,RAJ BAHADUR,M,SC,66,INC,33280,5,Unknown,0
74,Machhlishahr,SC,RAM DAWAR GAUTAM,M,SC,41,IND,16444,6,Hindu,16
74,Machhlishahr,SC,SOHAN,M,SC,46,IND,10438,7,Hindu,66
74,Machhlishahr,SC,SHYAM BIHARI KANNAUJIYA,M,SC,39,IND,8113,8,Hindu,83
74,Machhlishahr,SC,SHEOMURAT RAM,M,SC,71,GGP,5996,9,Hindu,5
74,Machhlishahr,SC,VIJAYEE RAM,M,SC,38,ASP,4138,10,Hindu,5
74,Machhlishahr,SC,KRISHNA SEWAK SONKER,M,SC,48,JPS,3778,11,Hindu,83
74,Machhlishahr,SC,VINOD KUMAR,M,SC,40,IND,3739,12,Hindu,46
74,Machhlishahr,SC,BALJIT,M,SC,59,IND,2187,13,Unknown,0
74,Machhlishahr,SC,SUKHRAJ DINKAR,M,SC,51,RSBP,1997,14,Hindu,21
74,Machhlishahr,SC,SUSHMA,F,SC,29,RAD,1791,15,Hindu,66
74,Machhlishahr,SC,DINESH KUMAR,M,SC,31,IND,1767,16,Hindu,46
75,Ghazipur,GEN,RADHEY MOHAN SINGH,M,GEN,43,SP,379233,1,Hindu,21
75,Ghazipur,GEN,AFZAL ANSARI,M,GEN,55,BSP,309924,2,Muslim,46
75,Ghazipur,GEN,PRABHUNATH,M,GEN,48,BJP,21679,3,Unknown,0
75,Ghazipur,GEN,ANIL,M,SC,32,IND,10048,4,Hindu,23
75,Ghazipur,GEN,SHYAM NARAYAN,M,GEN,54,RASD,9895,5,Hindu,62
75,Ghazipur,GEN,SURAJ RAM BAGI,M,GEN,52,CPI,8039,6,Hindu,22
75,Ghazipur,GEN,RAJESH,M,SC,37,IND,7566,7,Hindu,66
75,Ghazipur,GEN,SURENDRA,M,GEN,43,JPS,6999,8,Unknown,0
75,Ghazipur,GEN,ISHWARI PRASAD KUSHAWAHA,M,GEN,48,CPI(ML)(L),5852,9,Hindu,66
75,Ghazipur,GEN,ASHOK (DR.ASHOK KUMAR SRIVASTAVA),M,GEN,54,IND,3967,10,Hindu,66
75,Ghazipur,GEN,BRAJENDRA NATH URF BIJENDRA,M,GEN,66,IND,2812,11,Hindu,83
75,Ghazipur,GEN,DINESH,M,GEN,42,RSMD,1186,12,Hindu,66
75,Ghazipur,GEN,SARAJU,M,GEN,67,LD,1137,13,Unknown,0
75,Ghazipur,GEN,SATISH SHANKAR JAISAWAL,M,GEN,28,NLHP,1069,14,Hindu,66
75,Ghazipur,GEN,NANDLAL,M,SC,67,ASP,1028,15,Hindu,66
76,Chandauli,GEN,RAMKISHUN,M,GEN,49,SP,180114,1,Unknown,0
76,Chandauli,GEN,KAILASH NATH SINGH YADAV,M,GEN,46,BSP,179655,2,Hindu,52
76,Chandauli,GEN,SHAILENDRA KUMAR,M,GEN,40,INC,97377,3,Hindu,46
76,Chandauli,GEN,TULASI,M,GEN,42,SBSP,79676,4,Hindu,66
76,Chandauli,GEN,JAWAHAR LAL JAISAWAL,M,GEN,51,BJP,76096,5,Hindu,15
76,Chandauli,GEN,JAWAHIR,M,GEN,48,PMSP,21633,6,Muslim,66
76,Chandauli,GEN,MUNNI LAL,M,GEN,66,IND,8643,7,Hindu,16
76,Chandauli,GEN,SURAFARAJ AHMAD,M,GEN,29,IND,4410,8,Hindu,2
76,Chandauli,GEN,JOKHU,M,GEN,45,PDFO,3673,9,Unknown,0
76,Chandauli,GEN,SURENDRA PRATAP,M,GEN,36,JBSP,3366,10,Hindu,19
76,Chandauli,GEN,HARI LAL,M,SC,52,IND,3143,11,Hindu,3
76,Chandauli,GEN,CHANDRASHEKHAR,M,SC,34,RPI,2699,12,Hindu,40
76,Chandauli,GEN,DEVAROO,M,SC,40,IND,2108,13,Unknown,0
76,Chandauli,GEN,LALLAN,M,SC,49,IJP,1934,14,Unknown,0
76,Chandauli,GEN,RAMSEWAK YADAV,M,GEN,46,RLP,1866,15,Hindu,16
76,Chandauli,GEN,RAMAWATAR SHARMA ADVOCATE,M,GEN,38,MADP,1764,16,Unknown,0
76,Chandauli,GEN,RAJNATH,M,SC,35,BRPP,1693,17,Hindu,66
76,Chandauli,GEN,RAJESH SINGH,M,GEN,27,KKJHS,1041,18,Hindu,46
77,Varanasi,GEN,DR. MURLI MANOHAR JOSHI,M,GEN,73,BJP,203122,1,Hindu,50
77,Varanasi,GEN,MUKHTAR ANSARI,M,GEN,49,BSP,185911,2,Muslim,46
77,Varanasi,GEN,AJAY RAI,M,GEN,36,SP,123874,3,Hindu,46
77,Varanasi,GEN,DR. RAJESH KUMAR MISHRA,M,GEN,48,INC,66386,4,Hindu,50
77,Varanasi,GEN,VIJAY PRAKASH JAISWAL,M,GEN,43,AD,65912,5,Hindu,21
77,Varanasi,GEN,SATYA PRAKASH SRIVASTAVA,M,GEN,37,IND,5279,6,Hindu,14
77,Varanasi,GEN,NARENDRA NATH DUBEY ADIG,M,GEN,36,IND,2826,7,Hindu,83
77,Varanasi,GEN,RAJESH BHARTI,M,SC,33,IND,2116,8,Hindu,46
77,Varanasi,GEN,PUSHP RAJ SAHU,M,GEN,47,IND,1830,9,Hindu,21
77,Varanasi,GEN,KISHUN LAL,M,SC,59,IJP,1627,10,Hindu,16
77,Varanasi,GEN,AWADHESH KUMAR KUSHWAHA,M,GEN,43,RSMD,1607,11,Hindu,46
77,Varanasi,GEN,ER. SHYAM LAL VISHWAKARMA,M,GEN,61,MADP,1582,12,Hindu,24
77,Varanasi,GEN,ANAND KUMAR AMBASTHA,M,GEN,36,IND,1454,13,Hindu,26
77,Varanasi,GEN,PARVEZ QUADIR KHAN,M,GEN,38,IND,1243,14,Parsi,33
77,Varanasi,GEN,USHA SINGH,F,GEN,45,RAD,721,15,Hindu,46
78,Bhadohi,GEN,GORAKHNATH,M,GEN,56,BSP,195808,1,Hindu,66
78,Bhadohi,GEN,CHHOTELAL BIND,M,GEN,53,SP,182845,2,Unknown,0
78,Bhadohi,GEN,SURYMANI TIWARI,M,GEN,60,INC,93351,3,Hindu,16
78,Bhadohi,GEN,RAMRATEE BIND,M,GEN,74,AD,83944,4,Unknown,0
78,Bhadohi,GEN,DR. MAHENDRA NATH PANDEY,M,GEN,52,BJP,57672,5,Hindu,46
78,Bhadohi,GEN,TEJ BAHADUR YADAV ADVOCATE,M,GEN,56,IND,14224,6,Hindu,16
78,Bhadohi,GEN,DR. AKHILESH KUMAR DWIVEDI,M,GEN,41,NCP,8804,7,Hindu,50
78,Bhadohi,GEN,SHAHID,M,GEN,42,PMSP,5615,8,Muslim,6
78,Bhadohi,GEN,GAURISHANKAR,M,SC,38,IND,3734,9,Hindu,66
78,Bhadohi,GEN,NANDLAL,M,GEN,56,VP,3642,10,Hindu,66
78,Bhadohi,GEN,JEETENDRA,M,GEN,30,IND,3524,11,Unknown,0
78,Bhadohi,GEN,JAJ LAL,M,GEN,47,RKSP,3362,12,Hindu,16
78,Bhadohi,GEN,THAKUR SANTOSH KUMAR,M,GEN,27,RDMP,2160,13,Hindu,21
79,Mirzapur,GEN,BAL KUMAR PATEL,M,GEN,48,SP,218898,1,Hindu,46
79,Mirzapur,GEN,ANIL KUMAR MAURYA,M,GEN,37,BSP,199216,2,Hindu,33
79,Mirzapur,GEN,ANURAG SINGH,M,GEN,42,BJP,139686,3,Hindu,46
79,Mirzapur,GEN,RAMESH DUBEY,M,GEN,66,INC,56185,4,Hindu,5
79,Mirzapur,GEN,PREM CHAND,M,GEN,45,PMSP,26995,5,Hindu,5
79,Mirzapur,GEN,JAGDISH,M,GEN,49,AD,19086,6,Hindu,66
79,Mirzapur,GEN,TRILOK NATH VERMA,M,GEN,61,IJP,12835,7,Hindu,46
79,Mirzapur,GEN,ANOOP KUMAR,M,GEN,34,IND,9127,8,Hindu,8
79,Mirzapur,GEN,SHYAM LAL,M,GEN,41,EKSP,6944,9,Hindu,46
79,Mirzapur,GEN,HANS KUMAR,M,GEN,37,IND,6485,10,Hindu,46
79,Mirzapur,GEN,SHANKAR,M,SC,38,CPI(ML)(L),5895,11,Hindu,66
79,Mirzapur,GEN,MOHD. SAGIR,M,GEN,41,NLP,5371,12,Unknown,0
79,Mirzapur,GEN,KRISHNA CHAND SHUKLA,M,GEN,40,IND,2658,13,Hindu,46
79,Mirzapur,GEN,AJAY SHANKER,M,SC,33,GMS,2441,14,Hindu,83
79,Mirzapur,GEN,KRISHNA CHAND,M,GEN,40,IND,2402,15,Hindu,46
79,Mirzapur,GEN,LALTI DEVI,F,SC,54,VP,2198,16,Hindu,3
79,Mirzapur,GEN,RAM RAJ,M,GEN,37,IND,1797,17,Hindu,8
79,Mirzapur,GEN,RAM GOPAL,M,GEN,53,IND,1776,18,Hindu,29
79,Mirzapur,GEN,MANIK CHAND,M,SC,37,IND,1654,19,Hindu,46
79,Mirzapur,GEN,RADHE SHYAM,M,SC,58,BRPP,1650,20,Hindu,66
79,Mirzapur,GEN,KHELADI,M,SC,58,GGP,1605,21,Unknown,0
79,Mirzapur,GEN,LALJI,M,GEN,48,RAD,1560,22,Unknown,0
79,Mirzapur,GEN,DULARI,F,SC,61,IND,1462,23,Unknown,0
79,Mirzapur,GEN,CHHABEELE,M,GEN,41,IND,1346,24,Unknown,0
79,Mirzapur,GEN,KAILASH,M,SC,48,BSA,1316,25,Hindu,66
79,Mirzapur,GEN,MUNNA LAL,M,GEN,34,IND,1189,26,Hindu,5
79,Mirzapur,GEN,DANGAR,M,SC,52,IND,1078,27,Unknown,0
80,Robertsganj,SC,PAKAURI LAL,M,SC,57,SP,216478,1,Hindu,16
80,Robertsganj,SC,RAM CHANDRA TYAGI,M,SC,54,BSP,166219,2,Hindu,22
80,Robertsganj,SC,RAM SHAKAL,M,SC,47,BJP,104411,3,Hindu,6
80,Robertsganj,SC,RAM ADHAR JOSEPH,M,SC,43,INC,55809,4,Unknown,0
80,Robertsganj,SC,RAMBRIKSHA,M,SC,39,IND,15936,5,Unknown,0
80,Robertsganj,SC,GULAB,M,SC,31,PDFO,9951,6,Unknown,0
80,Robertsganj,SC,CHANDRA SHEKHAR,M,SC,34,JPS,8439,7,Hindu,62
80,Robertsganj,SC,RAMESH KUMAR,M,SC,31,AD,8271,8,Hindu,5
80,Robertsganj,SC,MUNNI DEVI,F,SC,42,RSMD,5445,9,Hindu,3
80,Robertsganj,SC,SHRAWAN KUMAR,M,SC,41,RWS,4358,10,Hindu,16
