id,pc_id_09,candidate_rmep_name_09,candidate_rmep_religion_09,candidate_rmep_religion_certainty_09,candidate_bkljp_name_09,candidate_bkljp_religion_09,candidate_bkljp_religion_certainty_09,candidate_vp_name_09,candidate_vp_religion_09,candidate_vp_religion_certainty_09,candidate_eksp_name_09,candidate_eksp_religion_09,candidate_eksp_religion_certainty_09,candidate_mop_name_09,candidate_mop_religion_09,candidate_mop_religion_certainty_09,candidate_nlp_name_09,candidate_nlp_religion_09,candidate_nlp_religion_certainty_09,candidate_jm_name_09,candidate_jm_religion_09,candidate_jm_religion_certainty_09,candidate_cpm_name_09,candidate_cpm_religion_09,candidate_cpm_religion_certainty_09,candidate_rpi_name_09,candidate_rpi_religion_09,candidate_rpi_religion_certainty_09,candidate_rdmp_name_09,candidate_rdmp_religion_09,candidate_rdmp_religion_certainty_09,candidate_ggp_name_09,candidate_ggp_religion_09,candidate_ggp_religion_certainty_09,candidate_sp_name_09,candidate_sp_religion_09,candidate_sp_religion_certainty_09,candidate_md_name_09,candidate_md_religion_09,candidate_md_religion_certainty_09,candidate_bskpb_name_09,candidate_bskpb_religion_09,candidate_bskpb_religion_certainty_09,candidate_ivd_name_09,candidate_ivd_religion_09,candidate_ivd_religion_certainty_09,candidate_bsp_k_name_09,candidate_bsp_k_religion_09,candidate_bsp_k_religion_certainty_09,candidate_rad_name_09,candidate_rad_religion_09,candidate_rad_religion_certainty_09,candidate_lsvp_name_09,candidate_lsvp_religion_09,candidate_lsvp_religion_certainty_09,candidate_pecp_name_09,candidate_pecp_religion_09,candidate_pecp_religion_certainty_09,candidate_jkd_name_09,candidate_jkd_religion_09,candidate_jkd_religion_certainty_09,candidate_nelu_name_09,candidate_nelu_religion_09,candidate_nelu_religion_certainty_09,candidate_rys_name_09,candidate_rys_religion_09,candidate_rys_religion_certainty_09,candidate_rld_name_09,candidate_rld_religion_09,candidate_rld_religion_certainty_09,candidate_abrs_name_09,candidate_abrs_religion_09,candidate_abrs_religion_certainty_09,candidate_iuml_name_09,candidate_iuml_religion_09,candidate_iuml_religion_certainty_09,candidate_rmsp_name_09,candidate_rmsp_religion_09,candidate_rmsp_religion_certainty_09,candidate_thpi_name_09,candidate_thpi_religion_09,candidate_thpi_religion_certainty_09,candidate_swjp_name_09,candidate_swjp_religion_09,candidate_swjp_religion_certainty_09,candidate_rasd_name_09,candidate_rasd_religion_09,candidate_rasd_religion_certainty_09,candidate_hdvp_name_09,candidate_hdvp_religion_09,candidate_hdvp_religion_certainty_09,candidate_sjp_r_name_09,candidate_sjp_r_religion_09,candidate_sjp_r_religion_certainty_09,candidate_mmup_name_09,candidate_mmup_religion_09,candidate_mmup_religion_certainty_09,candidate_ad_name_09,candidate_ad_religion_09,candidate_ad_religion_certainty_09,candidate_pdfo_name_09,candidate_pdfo_religion_09,candidate_pdfo_religion_certainty_09,candidate_jps_name_09,candidate_jps_religion_09,candidate_jps_religion_certainty_09,candidate_abltp_name_09,candidate_abltp_religion_09,candidate_abltp_religion_certainty_09,candidate_ucpi_name_09,candidate_ucpi_religion_09,candidate_ucpi_religion_certainty_09,candidate_rvp_name_09,candidate_rvp_religion_09,candidate_rvp_religion_certainty_09,candidate_ap_name_09,candidate_ap_religion_09,candidate_ap_religion_certainty_09,candidate_bd_name_09,candidate_bd_religion_09,candidate_bd_religion_certainty_09,candidate_unknown_name_09,candidate_unknown_religion_09,candidate_unknown_religion_certainty_09,candidate_nbnp_name_09,candidate_nbnp_religion_09,candidate_nbnp_religion_certainty_09,candidate_blkd_name_09,candidate_blkd_religion_09,candidate_blkd_religion_certainty_09,candidate_jkm_name_09,candidate_jkm_religion_09,candidate_jkm_religion_certainty_09,candidate_bsd_name_09,candidate_bsd_religion_09,candidate_bsd_religion_certainty_09,candidate_bsa_name_09,candidate_bsa_religion_09,candidate_bsa_religion_certainty_09,candidate_uprp_name_09,candidate_uprp_religion_09,candidate_uprp_religion_certainty_09,candidate_brm_name_09,candidate_brm_religion_09,candidate_brm_religion_certainty_09,candidate_bgd_name_09,candidate_bgd_religion_09,candidate_bgd_religion_certainty_09,candidate_rwsp_name_09,candidate_rwsp_religion_09,candidate_rwsp_religion_certainty_09,candidate_madp_name_09,candidate_madp_religion_09,candidate_madp_religion_certainty_09,candidate_anc_name_09,candidate_anc_religion_09,candidate_anc_religion_certainty_09,candidate_bsk_name_09,candidate_bsk_religion_09,candidate_bsk_religion_certainty_09,candidate_jd_u_name_09,candidate_jd_u_religion_09,candidate_jd_u_religion_certainty_09,candidate_mkup_name_09,candidate_mkup_religion_09,candidate_mkup_religion_certainty_09,candidate_bsp_name_09,candidate_bsp_religion_09,candidate_bsp_religion_certainty_09,candidate_shs_name_09,candidate_shs_religion_09,candidate_shs_religion_certainty_09,candidate_prbd_name_09,candidate_prbd_religion_09,candidate_prbd_religion_certainty_09,candidate_mc_name_09,candidate_mc_religion_09,candidate_mc_religion_certainty_09,candidate_ptss_name_09,candidate_ptss_religion_09,candidate_ptss_religion_certainty_09,candidate_rsbp_name_09,candidate_rsbp_religion_09,candidate_rsbp_religion_certainty_09,candidate_rsmd_name_09,candidate_rsmd_religion_09,candidate_rsmd_religion_certainty_09,candidate_jd_s_name_09,candidate_jd_s_religion_09,candidate_jd_s_religion_certainty_09,candidate_ijp_name_09,candidate_ijp_religion_09,candidate_ijp_religion_certainty_09,candidate_jbsp_name_09,candidate_jbsp_religion_09,candidate_jbsp_religion_certainty_09,candidate_map_name_09,candidate_map_religion_09,candidate_map_religion_certainty_09,candidate_rlp_name_09,candidate_rlp_religion_09,candidate_rlp_religion_certainty_09,candidate_ralop_name_09,candidate_ralop_religion_09,candidate_ralop_religion_certainty_09,candidate_vajp_name_09,candidate_vajp_religion_09,candidate_vajp_religion_certainty_09,candidate_jans_name_09,candidate_jans_religion_09,candidate_jans_religion_certainty_09,candidate_ind_name_09,candidate_ind_religion_09,candidate_ind_religion_certainty_09,candidate_mul_name_09,candidate_mul_religion_09,candidate_mul_religion_certainty_09,candidate_bsrd_name_09,candidate_bsrd_religion_09,candidate_bsrd_religion_certainty_09,candidate_bnrp_name_09,candidate_bnrp_religion_09,candidate_bnrp_religion_certainty_09,candidate_bvvp_name_09,candidate_bvvp_religion_09,candidate_bvvp_religion_certainty_09,candidate_rjpk_name_09,candidate_rjpk_religion_09,candidate_rjpk_religion_certainty_09,candidate_rbcp_name_09,candidate_rbcp_religion_09,candidate_rbcp_religion_certainty_09,candidate_swpi_name_09,candidate_swpi_religion_09,candidate_swpi_religion_certainty_09,candidate_gms_name_09,candidate_gms_religion_09,candidate_gms_religion_certainty_09,candidate_bum_name_09,candidate_bum_religion_09,candidate_bum_religion_certainty_09,candidate_rws_name_09,candidate_rws_religion_09,candidate_rws_religion_certainty_09,candidate_bjtp_name_09,candidate_bjtp_religion_09,candidate_bjtp_religion_certainty_09,candidate_cpi_mll_name_09,candidate_cpi_mll_religion_09,candidate_cpi_mll_religion_certainty_09,candidate_brpp_name_09,candidate_brpp_religion_09,candidate_brpp_religion_certainty_09,candidate_rsuprp_name_09,candidate_rsuprp_religion_09,candidate_rsuprp_religion_certainty_09,candidate_asp_name_09,candidate_asp_religion_09,candidate_asp_religion_certainty_09,candidate_aimf_name_09,candidate_aimf_religion_09,candidate_aimf_religion_certainty_09,candidate_rvnp_name_09,candidate_rvnp_religion_09,candidate_rvnp_religion_certainty_09,candidate_ndpf_name_09,candidate_ndpf_religion_09,candidate_ndpf_religion_certainty_09,candidate_abhm_name_09,candidate_abhm_religion_09,candidate_abhm_religion_certainty_09,candidate_rajup_name_09,candidate_rajup_religion_09,candidate_rajup_religion_certainty_09,candidate_ncp_name_09,candidate_ncp_religion_09,candidate_ncp_religion_certainty_09,candidate_nlhp_name_09,candidate_nlhp_religion_09,candidate_nlhp_religion_certainty_09,candidate_rpi_a_name_09,candidate_rpi_a_religion_09,candidate_rpi_a_religion_certainty_09,candidate_ssd_name_09,candidate_ssd_religion_09,candidate_ssd_religion_certainty_09,candidate_abas_name_09,candidate_abas_religion_09,candidate_abas_religion_certainty_09,candidate_aifb_name_09,candidate_aifb_religion_09,candidate_aifb_religion_certainty_09,candidate_rtkp_name_09,candidate_rtkp_religion_09,candidate_rtkp_religion_certainty_09,candidate_ljp_name_09,candidate_ljp_religion_09,candidate_ljp_religion_certainty_09,candidate_ipp_name_09,candidate_ipp_religion_09,candidate_ipp_religion_certainty_09,candidate_aitc_name_09,candidate_aitc_religion_09,candidate_aitc_religion_certainty_09,candidate_rcp_name_09,candidate_rcp_religion_09,candidate_rcp_religion_certainty_09,candidate_lpsp_name_09,candidate_lpsp_religion_09,candidate_lpsp_religion_certainty_09,candidate_unlp_name_09,candidate_unlp_religion_09,candidate_unlp_religion_certainty_09,candidate_ld_name_09,candidate_ld_religion_09,candidate_ld_religion_certainty_09,candidate_bpc_name_09,candidate_bpc_religion_09,candidate_bpc_religion_certainty_09,candidate_inc_name_09,candidate_inc_religion_09,candidate_inc_religion_certainty_09,candidate_bdbp_name_09,candidate_bdbp_religion_09,candidate_bdbp_religion_certainty_09,candidate_bpd_name_09,candidate_bpd_religion_09,candidate_bpd_religion_certainty_09,candidate_nyp_name_09,candidate_nyp_religion_09,candidate_nyp_religion_certainty_09,candidate_ralp_name_09,candidate_ralp_religion_09,candidate_ralp_religion_certainty_09,candidate_bap_name_09,candidate_bap_religion_09,candidate_bap_religion_certainty_09,candidate_cpi_name_09,candidate_cpi_religion_09,candidate_cpi_religion_certainty_09,candidate_bep_name_09,candidate_bep_religion_09,candidate_bep_religion_certainty_09,candidate_pmsp_name_09,candidate_pmsp_religion_09,candidate_pmsp_religion_certainty_09,candidate_pdf_name_09,candidate_pdf_religion_09,candidate_pdf_religion_certainty_09,candidate_kkjhs_name_09,candidate_kkjhs_religion_09,candidate_kkjhs_religion_certainty_09,candidate_bjbcd_name_09,candidate_bjbcd_religion_09,candidate_bjbcd_religion_certainty_09,candidate_yvp_name_09,candidate_yvp_religion_09,candidate_yvp_religion_certainty_09,candidate_aprd_name_09,candidate_aprd_religion_09,candidate_aprd_religion_certainty_09,candidate_bjp_name_09,candidate_bjp_religion_09,candidate_bjp_religion_certainty_09,candidate_sbsp_name_09,candidate_sbsp_religion_09,candidate_sbsp_religion_certainty_09,candidate_rsp_name_09,candidate_rsp_religion_09,candidate_rsp_religion_certainty_09,candidate_jsp_name_09,candidate_jsp_religion_09,candidate_jsp_religion_certainty_09,candidate_rksp_name_09,candidate_rksp_religion_09,candidate_rksp_religion_certainty_09
1,1,,,,,,,,,,,,,,,,,,,,,,,,,,,,,,,,,,"RASHEED MASOOD",Muslim,22,,,,,,,,,,,,,,,,,,,"HAJI MOHAMMED TAUSEEF",Muslim,90,,,,,,,,,,,,,,,,,,,,,,,,,,,,,,,,,,,,,,,,,,,,,,,,,,,,,,,,,,,,,"YOGESH GAMBHIR",Hindu,32,,,,,,,,,,,,,,,,,,,,,,,,,,,,,,,,,,,,,,,,,,,,,,"JAGDISH SINGH RANA",Hindu,52,,,,,,,,,,,,,"SUSHIL KUMAR",Hindu,46,,,,,,,,,,,,,,,,,,,,,,"CHATTAR SINGH KASHYAP",Hindu,14,,,,"CHANDRA PRAKASH ARORA",Hindu,21,,,,,,,,,,,,,,,,,,,,,,,,,,,,,,,,,,,,,,,,,,,,,,,,,,,,,,,,,,,,,,,,,,,,,,,,,,,,,,,,,,,,,,,,,,,,,,,,,,,,,,,,,,"GAJAY SINGH",Hindu,16,,,,,,,,,,,,,,,,,,,,,,,,,,,,,,,,,,,,,,,,"JASWANT SINGH SAINI",Hindu,24,,,,,,,,,,,,
2,2,,,,,,,,,,,,,,,,,,,,,,,,,,,,"KUNWAR PAL",Hindu,46,,,,"SHAJAN MASOOD",Muslim,16,,,,,,,,,,,,,,,,,,,,,,,,,,,,,,,,,,,,,,,,,,,,,,,,,,,,,,,,,,,,,,,,,,,,,,,,,,,,,,,,,,,,,,,,,,,,,,,,,,,,,,,,,,,,,,,,,,,,,,,,,,,,,,,,,,"TABASSUM BEGUM",Muslim,9,,,,,,,,,,,,,,,,,,,,,,"RAJ BAHADUR",Unknown,0,,,,,,,,,,,,,,,,,,,ABHISHEK,Hindu,6,,,,,,,,,,,,,,,,,,,,,,,,,,,,,,,,,,,,,,,,,,,"RAJNISH NOTIAL",Hindu,83,,,,,,,,,,"PRIYA KUMAR",Hindu,46,,,,,,,,,,,,,,,,,,,,,,,,,,,,,,,,,,,,,,,,SHAFIK,Unknown,0,,,,,,,"SURENDRA KUMAR",Hindu,5,,,,,,,,,,,,,,,,,,,,,,,,,,,,,,,,,,,,,,,,"HUKUM SINGH",Hindu,16,,,,,,,"KARAN SINGH SAINI",Hindu,20,,,
3,3,,,,,,,,,,,,,,,,,,,,,,,,,,,,,,,,,,"THAKUR SANGEET SINGH SOM",Hindu,26,,,,,,,,,,,,,,,,,,,"ABDUL AZIZ ANSARI",Muslim,50,,,,"SALAMUDEEN URF SALMU MALIK",Muslim,16,,,,"ANURADHA CHAUDHARY",Hindu,46,,,,,,,,,,,,,,,,,,,,,,,,,,,,,,,,,,,,,,,,,,,,,,,,,,,,,,,,,,,,,,,,,,,,,,,,,,,,,,,,,,,,,,,,,,,,,,,,,"KADIR RANA",Hindu,16,,,,,,,,,,,,,,,,,,,,,,,,,,,,,,,,,,,,,,,,,,,"RAJENDRA SINGH",Hindu,4,,,,,,,,,,,,,,,,,,,,,,,,,,,,,,,,,,,,,,,,,,,,,,,,,,,,,,,"MANISH BHAI URF NITU",Hindu,62,,,,,,,"NAWAB ALI",Muslim,16,,,,,,,,,,,,,,,,,,,,,,,,,,,,,,,,,,"ASHUTOSH PANDEY",Hindu,46,,,,"HARINDRA SINGH MALIK",Hindu,27,,,,,,,,,,,,,,,,"DHEER SINGH",Hindu,46,,,,,,,,,,,,,,,,,,,,,,,,,,,,,,,"SATISH KUMAR",Hindu,46,,,
4,4,,,,,,,,,,,,,,,,,,,,,,,,,,,,,,,,,,"DR. YASHVIR SINGH",Hindu,16,,,,,,,,,,,,,,,,,,,,,,,,,,,,,,,"SANJAY SINGH CHAUHAN",Hindu,52,,,,,,,"SURESH CHAND",Hindu,46,,,,,,,,,,,,,,,,,,,,,,,,,,,,,,,,,,,,,,,,,,,,,,,,,,,,,,,,,,,,,,,,,,,,,,,,,,,,,,,,,,,,,"SALESH KUMAR ALIAS SADHAWI SARLESH GIRI",Hindu,46,"SHAHID SIDDIQUI",Muslim,7,,,,,,,,,,,,,,,,,,,,,,"SURENDRA SINGH",Hindu,5,,,,,,,,,,,,,"PARAS RAM",Hindu,14,,,,"SHIVA CHARAN",Hindu,9,,,,,,,,,,,,,,,,,,,,,,,,,,,,,,,,,,,,,,,,,,,"MOHD. AFSHAR",Muslim,66,,,,,,,,,,,,,,,,"KARTAR SINGH BHADANA",Hindu,24,"SAGIR AHMAD",Hindu,2,,,,,,,,,,,,,,,,,,,,,,,,,,,,,,,,,,,,,,,,SAIDUZZAMAN,Unknown,0,,,,,,,,,,,,,,,,,,,,,,,,,,,,"ABDUL BASIT",Muslim,83,,,,,,,,,,,,,,,,,,,,,,,,
5,5,,,,,,,,,,,,,,,,,,,,,,,,,,,,,,,,,,"YASHVIR SINGH",Hindu,16,,,,,,,,,,,,,,,,,,,"VIJAY PRAKASH",Hindu,13,,,,"BABLI ALIAS GULSAN JAHAN",Unknown,0,,,,MUNSIRAM,Unknown,0,,,,,,,,,,,,,,,,,,,,,,,,,,,,,,,,,,,,,,,,,,,,,,,,,,,,,,,RANJEET,Hindu,66,,,,,,,,,,,,,,,,,,,,,,,,,,,,,,,,,,,,,,,,"RAM KISHAN SINGH",Hindu,20,,,,,,,,,,,,,,,,,,,,,,"UDIT RAJ",Hindu,5,,,,,,,,,,,,,,,,,,,ASARPAT,Unknown,0,,,,,,,,,,,,,,,,,,,,,,,,,,,,,,,,,,,,,,,,,,,"TEJ SINGH",Hindu,9,,,,,,,,,,,,,,,,,,,,,,,,,,,,,,,,,,,,,,,,,,,,,,,,,,,,,,,,,,,,,"ISAM SINGH",Unknown,0,,,,,,,,,,,,,,,,,,,,,,,,,,,,,,,,,,,,,,,,,,,,,,,,,,,,,,
6,6,,,,,,,,,,,,,,,,,,,,,,,,,,,,,,,,,,"MOHAMMAD RIZWAN",Muslim,62,,,,,,,,,,,,,,,,,,,,,,,,,,,,,,,,,,,,,,,,,,,,,,,,,,,,,,,,,,,,,,,,,,,,,,,,,,,,,,,,,,,,,,,,,,,,,,,,,,,,,,,,,,,,,,,,,,,,,,,,,,,,,,,,,,"RAJIV CHANNA",Hindu,83,,,,,,,,,,,,,,,,"HAR SWAROOP SHARMA",Hindu,50,,,,,,,,,,,,,,,,,,,,,,,,,"NATHU SINGH",Hindu,16,,,,,,,,,,,,,,,,,,,,,,,,,,,,,,,,,,,,,,,,,,,,,,,,,,,,,,,"RISHI PAL",Hindu,46,,,,,,,"SHAKEEL AHMED",Muslim,26,,,,,,,,,,,,,,,,,,,,,,,,,,,,,,,,,,,,,,,,"MOHAMMED AZHARUDDIN",Muslim,90,,,,,,,,,,,,,,,,,,,,,,,,,,,,,,,,,,,,,,,,"KUNWAR SARVESH KUMAR ALIAS RAKESH",Hindu,40,,,,,,,,,,,,
7,7,,,,,,,,,,,,,,,,,,,,,,,,,,,,,,,,,,"JAYA PRADA NAHATA",Hindu,11,,,,,,,,,,"SHRIPAL GUPTA",Hindu,5,,,,,,,,,,"DEEPCHAND GUPTA",Hindu,16,,,,,,,,,,,,,"SIFAAT ALI KHAN",Muslim,16,,,,,,,,,,,,,,,,,,,,,,"SANJEEV KUMAR",Hindu,46,,,,,,,,,,,,,,,,,,,,,,,,,,,,,,,,,,,,,,,,,,,,,,,,,,,,,,,,,,,,,,,,,,,"GHAN SHYAM SINGH LODHI",Hindu,68,,,,,,,,,,,,,"SAMEENA BI",Muslim,7,,,,,,,,,,,,,,,,,,,,,,,,,,,,"ARIF SIKANDAR URF RAJU MIAN",Muslim,2,,,,,,,,,,,,,,,,,,,,,,,,,,,,,,,,,,,,,,,,,,,,,,,,,,,,,,,,,,,,,,,,,,,,,,,,,,,,,,,,,,,,,,,,,,,,,,,,,,,,,,,,,,"BEGUM NOOR BANO URF MEHTAB ZAMANI BEGUM",Muslim,11,,,,,,,,,,,,,,,,,,,,,,,,,,,,,,,,,,,,,,,,"MUKHTAR ABBAS NAQVI",Muslim,66,,,,,,,,,,,,
8,8,,,,,,,,,,,,,,,,,,,,,,,,,,,,,,,,,,"IQBAL MEHMOOD",Muslim,20,,,,,,,,,,,,,,,,,,,,,,,,,,,,,,,,,,,,,,,,,,,,,,,,,,,,,,,,,,,,,,,,,,,,,,,,,,,,,,,,,,,,,,,,ASHOK,Hindu,66,,,,,,,,,,,,,,,,,,,,,,,,,,,,,,,,,,,,,,,,"DR. SHAFIQUR RAHMAN BARQ",Muslim,83,,,,,,,,,,,,,,,,,,,,,,,,,,,,,,,,,,,,,,,,,,,"DR. PRAVEEN KUMAR",Hindu,11,"HAJI RASHID HUSAIN",Muslim,9,,,,,,,,,,,,,,,,,,,,,,,,,,,,,,,,,,,,,,,,,,,,,,,,,,,,,,,,,,,,,"PUTTAN KHAN",Muslim,16,,,,,,,,,,,,,,,,,,,,,,,,,,,,,,,,,,,,,"MOHAMMAD HASEEB",Muslim,62,"CHANDRA VIJAY",Hindu,62,,,,,,,,,,,,,,,,,,,,,,,,,,,,,,,,,,,,,,,,"CHANDRA PAL SINGH",Hindu,50,,,,,,,,,,,,
9,9,,,,,,,,,,,,,,,,,,,,,,,,,,,,,,,,,,"MEHBOOB ALI",Muslim,11,,,,,,,SUMAN,Unknown,0,,,,,,,,,,,,,,,,RIFAQAT,Unknown,0,,,,"DEVENDRA NAGPAL",Hindu,32,,,,,,,,,,,,,,,,,,,,,,,,,,,,,,,,,,,,,,,,,,,,,,,,,,,,,,,,,,,,,,,,,,,,,,,,,,,,,,,,,,,,,,,,,,,,,,,,,"MAUDOOD MADNI",Unknown,0,"NIDHI TYAGI",Hindu,10,,,,,,,,,,,,,,,,,,,,,,,,,,,,,,,,,,,,,,,,"TARA CHANDR",Unknown,0,,,,,,,,,,,,,,,,,,,,,,,,,,,,,,,,,,,,,,,,,,,,,,,,,,,,,,,SATISH,Hindu,66,,,,,,,,,,,,,,,,,,,,,,,,,,,,,,,,,,,,,,,,,,,,,,,,,"MOHD. NAFIS ABBASI",Muslim,46,,,,,,,,,,,,,,,,,,,,,,,,,,,,,,,,,,,,,,,,,,,,,,"SHARAFAT ALI",Muslim,16,,,,,,
10,10,,,,,,,,,,,,,,,,,,,,,,,,,,,,"SMT. SANTOSH AHLUWALIA",Hindu,33,,,,"SHAHID MANZOOR",Muslim,35,,,,,,,,,,,,,,,,,,,,,,,,,,,,,,,,,,,,,,,,,,,,,,,,,,,,,,,"AJAY AGRAWAL",Hindu,46,,,,,,,,,,,,,"DR. HARI SINGH AZAD PRAJAPATI",Hindu,13,,,,,,,,,,,,,,,,,,,,,,,,,,,,,,,,,,,,,,,,,,,,,,,,,,,,,,,,,,"MALOOK NAGAR",Hindu,16,,,,,,,,,,,,,,,,,,,,,,"RAJESH KUMAR",Hindu,46,,,,,,,,,,,,,,,,,,,"SUNIL KUMAR RANA",Hindu,22,,,,,,,,,,,,,,,,,,,,,,,,,,,,"TEJVEER SINGH",Hindu,16,,,,,,,,,,,,,,,,,,,"JANESHWAR PRASAD SHARMA",Hindu,46,,,,"RAJKUMAR TYAGI",Hindu,7,,,,"ARUN KUMAR JAIN",Hindu,43,,,,,,,,,,,,,,,,,,,,,,,,,,,,,,,,,,,,,,,,,,,"RAJENDRA SHARMA",Hindu,4,,,,,,,,,,,,,,,,"MUGHIS AHMAD GILANI",Muslim,83,,,,,,,,,,,,,,,,,,,,,,"RAJENDRA AGARWAL",Hindu,4,,,,,,,,,,,,
11,11,,,,"DEVENDRA KUMAR",Hindu,5,,,,,,,,,,,,,SHALINI,Hindu,66,,,,,,,,,,,,,"SAHAB SINGH",Muslim,33,,,,,,,,,,,,,,,,,,,,,,,,,,,,,,,"AJIT SINGH",Hindu,21,,,,,,,,,,,,,,,,,,,,,,,,,,,,,,,,,,,,,,,,,,,,,,,,,,,,,,,,,,,,,,,,,,,,,,,,,,,,,,,,,,,,,,,,,,,,,,"FIRDOUS A /S FIRDOUS RANA",Parsi,10,"MUKESH SHARMA",Hindu,46,,,,,,,,,,,,,,,,,,,,,,,,,,,,,,,,,,,,,,,,,,,JAIPARKASH,Unknown,0,,,,,,,,,,,,,,,,,,,,,,,,,,,,,,,,,,,,,,,,,,,GULZAR,Unknown,0,,,,,,,,,,,,,,,,,,,,,,,,,,,,,,,,,,,,,,,,,,,,,,,,,,,,,,,,,,,,,SOMPAL,Unknown,0,,,,,,,,,,,,,,,,,,,,,,,,,,,,,,,,,,,,,,,,,,,,,,,,,,,,,,
12,12,,,,,,,,,,,,,,,,,,,,,,,,,,,,,,,,,,,,,,,,,,,,,,,,,,,,,,,,,,,,,"K.Z. BUKHARI",Unknown,0,,,,,,,,,,,,,,,,,,,,,,,,,,,,,,,,,,,,,,,,,,,,,,,,,,,,,,,,,,,,,"ANWAR AHMED",Unknown,0,,,,,,,,,,,,,,,,,,,,,,,,,,,,,,,,,,,,,,,,"PT. AMAR PAL SHARMA",Hindu,14,,,,,,,,,,,,,,,,,,,,,,"AZIJ KHAN",Muslim,16,,,,,,,,,,,,,,,,,,,"DAYA (HIJRA)",Unknown,0,,,,,,,,,,,,,,,,,,,,,,,,,,,,,,,,,,,,,,,,,,,,,,,,,,,,,,,"SANJAY SHARMA",Hindu,46,,,,,,,IQBAL,Muslim,16,,,,,,,,,,,,,,,,,,,,,,,,,,,,,,,,,,,,,,,,"SURENDRA PRAKASH GOEL",Hindu,14,,,,"HARI SHANKAR SHARMA",Hindu,17,,,,,,,,,,,,,,,,,,,,,,,,,,,,,,,,,,"RAJNATH SINGH",Hindu,46,,,,,,,,,,,,
13,13,,,,,,,,,,,,,,,,,,,,,,,,,"PREM SINGH",Hindu,5,,,,,,,"NARENDRA SINGH BHATI",Hindu,52,,,,,,,,,,POONAM,Hindu,66,,,,,,,,,,,,,RAHIS,Unknown,0,"CHHOTE LAL",Hindu,16,,,,,,,,,,,,,,,,,,,,,,,,,,,,,,,,,,,,,,,,,,,,,,,,,"SHER SINGH",Hindu,4,,,,,,,,,,,,,,,,,,,,,,,,,,,,,,,,,,,,,ARVIND,Hindu,66,,,,,,,,,,"SURENDRA SINGH NAGAR",Hindu,22,,,,,,,,,,,,,,,,,,,,,,,,,,,,,,,,,,,,,,,,,,,"RESHAM SWARUP",Hindu,62,,,,,,,,,,,,,,,,,,,,,,,,,,,,"GHANSHYAM SHARMA",Hindu,46,,,,,,,,,,,,,,,,"LUBNA ASIF",Muslim,62,,,,,,,,,,,,,"K.K SHARMA",Hindu,16,"DR JAMAL AHMAD KHAN",Muslim,50,,,,,,,,,,,,,,,,,,,,,,,,,,,,,,,,,,,,,,,,"RAMESH CHANDRA TOMAR",Hindu,22,,,,,,,,,,,,,,,,,,,,,,,,,,,,,,,,,,,,,,,,"MAHESH KUMAR SHARMA",Hindu,50,,,,,,,,,,,,
14,14,"KARAN SINGH BHOOCHAL",Hindu,20,,,,,,,,,,,,,,,,,,,,,,"SUDHA SINGH",Hindu,16,"SUSHILA SINGH",Hindu,46,,,,KAMLESH,Hindu,66,,,,,,,,,,,,,,,,,,,,,,,,,RAJO,Hindu,66,,,,,,,KANTI,Hindu,10,,,,,,,,,,,,,,,,,,,,,,,,,,,,,,,,,,,,,,,,,,,,,,,,,,,,"JAY BHAGWAN",Unknown,0,,,,,,,,,,,,,,,,,,,,,,,,,,,,,,,,,,,,,,,,"RAJ KUMAR GAUTAM",Hindu,23,,,,,,,,,,,,,,,,,,,,,,,,,,,,,,,,,,,,,,,,,,,KAMLESH,Hindu,66,,,,,,,,,,,,,,,,,,,,,,,,,,,,,,,,,,,,,,,,,,,,,,,,,,,,,,,BALRAM,Hindu,66,,,,,,,"SOHAN PAL",Hindu,46,,,,,,,,,,,,,"RAGHURAJ SINGH",Hindu,16,,,,,,,,,,,,,,,,"SURAJMUKHI GAUTAM",Hindu,27,,,,,,,"DEVI DAYAL",Hindu,21,,,,,,,,,,,,,,,,,,,,,,,,,,,,,,,,,,,,,,,,"ASHOK KUMAR PRADHAN",Hindu,50,,,,,,,,,,,,
15,15,,,,,,,,,,,,,,,,,,,,,,,,,,,,,,,,,,"ZAFAR ALAM",Muslim,16,,,,,,,,,,,,,,,,,,,,,,,,,,,,,,,,,,,,,,,,,,,,,,,,,,,,,,,,,,,,,,,,,,,,,,,,,,,,"MAHESH PRATAP SHARMA",Hindu,29,,,,,,,,,,,,,,,,,,,,,,,,,,,,,,,,,,,,,"DEVI PRASHAD",Hindu,3,,,,"ALPANA GAUTAM",Hindu,34,,,,,,,"RAJ KUMARI CHAUHAN",Hindu,3,,,,,,,"MOHAMMAD YUSUF KHAN",Muslim,50,"SHISHUPAL SINGH",Hindu,46,,,,,,,,,,"DHARAMVEER SINGH",Sikh,3,,,,,,,,,,,,,,,,,,,"BABA BUDHASEN",Unknown,0,AKHTAR,Muslim,16,,,,,,,,,,,,,,,,,,,,,,,,,,,,,,,,,,,,,,,,"BABULAL VERMA",Hindu,46,,,,,,,,,,,,,,,,,,,MUKESH,Hindu,66,,,,,,,,,,,,,,,,,,,,,,,,,,,,"HARENDRA SINGH BURMAN",Hindu,24,,,,SANJAY,Hindu,66,,,,"BIJENDRA SINGH",Hindu,16,,,,,,,,,,,,,,,,,,,,,,,,,,,,,,,,,,,,,,,,"SHEELA GAUTAM",Hindu,22,,,,,,,,,,,,
16,16,,,,,,,,,,,,,,,,,,,,,,,,,,,,,,,,,,"ANAR SINGH",Hindu,16,,,,"SURESH BABU",Hindu,46,,,,,,,,,,,,,,,,,,,,,,,,,"SARIKA SINGH",Hindu,46,,,,,,,,,,,,,,,,,,,,,,,,,,,,,,,,,,,,,,,,,,,,,,,,,,,,,,,,,,,,,,,,,,,,,,,,,,,,,,,,,,,,,,,,,,,,,,,,,"RAJENDRA KUMAR",Hindu,4,,,,,,,,,,,,,,,,,,,,,,,,,,,,,,,,,,,,,,,,,,,"MATHURA PRASAD",Hindu,16,,,,,,,,,,,,,,,,,,,,,,,,,,,,,,,,,,,,,,,,,,,"PRADEEP KUMAR",Hindu,22,,,,,,,,,,,,,,,,,,,,,,PREMLATA,Unknown,0,,,,,,,,,,JAIPRAKASH,Unknown,0,,,,,,,,,,,,,,,,,,,,,,,,,"PRADEEP CHANDEL",Hindu,26,,,,,,,,,,,,,,,,,,,,,,,,,,,,,,,,,,,,,,,,,,,,,,,,,,,,,,
17,17,,,,,,,,,,,,,,,,,,,,,,,,,,,,,,,,,,,,,,,,,,,,,,YADRAM,Unknown,0,,,,,,,,,,,,,"HEERA SINGH",Hindu,6,,,,"JAYANT CHAUDHARY",Hindu,46,,,,,,,,,,,,,,,,,,,,,,,,,,,,,,,,,,,,,,,,,,,,,,,,,,,,,,,,,,,,,,,,,,,,,,,,,,,,,,,,,,,,,,,,,,,,,,,,,"SHYAM SUNDER SHARMA",Hindu,35,,,,,,,,,,,,,,,,,,,,,,,,,,,,,,,,,,,,,,,,,,,"GOPAL SAINI ALIAS MANAGER",Hindu,83,,,,,,,,,,,,,,,,,,,,,,,,,,,,,,,,,,,,,,,,,,,,,,,,,,,,,,,,,,,,,,,,"ASHRAF ALI",Muslim,5,,,,,,,,,,,,,,,,,,,,,,,,,,,,,,,,,,,,,,,,"MANVENDRA SINGH",Hindu,46,,,,,,,,,,DEVENDRA,Unknown,0,,,,,,,,,,,,,,,,,,,,,,,,,,,,,,,,,,,,,,,,,,
18,18,,,,,,,,,,,,,,,,,,,,,,,,,,,,,,,,,,"RAMJI LAL SUMAN",Hindu,8,,,,,,,,,,,,,,,,,,,,,,,,,,,,,,,,,,,,,,,,,,,,,,,,,,,,"RAM DEVI",Hindu,8,,,,,,,,,,,,,,,,,,,,,,,,,,,,,,,,,,,,,,,,,,,,,,,,,,,,,,,,,,,,,,,,,,,,,,,,,,,,"KUNWAR CHAND (VAKIL)",Hindu,83,,,,,,,,,,,,,"RAJESH KUMAR PRADHAN",Hindu,50,"VIVEK CHAUHAN VALMIKI",Hindu,9,,,,,,,RAMESH,Unknown,0,,,,,,,,,,,,,,,,NITYANAND,Hindu,66,,,,,,,,,,,,,,,,,,,,,,,,,,,,,,,,,,,,,,,,,,,,,,,,,,,,,,,,,,,,,,,,,,,,,,,,,,,,,,,,,,,,,,,,,,,,,,,,,,,,,,,,,,"PRABHUDAYAL KATHERIA",Unknown,0,,,,,,,,,,,,,,,,,,,,,,,,,,,,,,,,,,,,,,,,"DR. RAMSHANKAR",Unknown,0,,,,,,,,,,,,
19,19,,,,,,,,,,,,,,,,,,,,,,,,,,,,,,,,,,"RAGHURAJ SINGH SHAKYA",Hindu,49,,,,,,,,,,,,,,,,,,,,,,,,,,,,,,,,,,,,,,,,,,,,,,,,,,,,,,,,,,,,,,,,,,,,,,,,,,,,,,,,,,,,,,,,,,,,,,,,,,,,,,,,,,,,,,,,,,,,,,,,,,,,,,,,,,"SEEMA UPADHYAY",Hindu,5,,,,,,,,,,,,,,,,,,,,,,,,,,,,,,,,,,,,,,,,,,,"CHANDAN SINGH",Hindu,5,,,,,,,,,,,,,,,,,,,,,,,,,,,,"SAMARVEER SINGH CHAHAR",Hindu,90,,,,,,,,,,,,,,,,,,,,,,,,,,,,,,,,,,,,,,,,,,,,,,,,,,,,,,,,,,,,,,,,,,,,,,,,,,,,"RAJ BABBAR",Unknown,0,,,,,,,,,,,,,,,,,,,,,,,,,,,,,,,,,,,,,,,,"RAJA MAHENDRA ARIDAMAN SINGH",Hindu,21,,,,,,,,,,,,
20,20,,,,,,,,,,,,,,,,,,,,,,"RAJJO DEVI",Hindu,3,,,,,,,,,,"AKHILESH YADAV",Hindu,46,,,,,,,,,,,,,,,,,,,,,,,,,,,,,,,,,,,,,,,,,,,,,,,,,,,,,,,,,,,,,,,,,,,"ANIL KUMAR SRIVASTAWA@AKELA",Hindu,39,,,,,,,,,,,,,,,,,,,,,,,,,,,,,,,,,,,,,,,,,,,,,,"SUNITA DEVI",Hindu,13,,,,,,,,,,,,,"PROF. S.P. SINGH BAGHEL",Hindu,90,,,,,,,,,,,,,,,,"RAJVIR SINGH",Hindu,16,,,,,,,"ABHAYPRATAP SINGH",Hindu,16,,,,,,,,,,,,,,,,RAMGOPAL,Hindu,66,"RAHAT AFROZ",Muslim,83,,,,,,,,,,,,,,,,,,,,,,,,,,,,,,,,,,,,,,,,,,,,,,,,,,,,,,,,,,,,,,,,DALVIR,Unknown,0,,,,,,,,,,,,,,,,,,,,,,,,,,,,,,,,,,,,,RAJENDRAPAL,Unknown,0,,,,,,,,,,,,,,,,,,,,,,,,,,,,,,,,,,,,,,,,"RAGHUVAR DAYAL VERMA",Hindu,22,,,,,,,,,,,,
21,21,,,,,,,,,,,,,,,,,,,,,,,,,,,,,,,,,,"MULAYAM SINGH YADAV",Hindu,49,"PRAVEEN YADAV",Hindu,11,,,,,,,,,,,,,,,,,,,,,,,,,,,,,,,,,,,,,,,,,,,,,,,,,,,,,,,,,,,,,,,,SARVESH,Unknown,0,,,,,,,,,,,,,,,,,,,,,,,,,,,,,,,,,,,,,,,,,,,,,,,,,,,,,,,,,,,,,"VINAY SHAKYA",Hindu,5,,,,,,,,,,,,,,,,"ABADHESH SHAKYA",Hindu,16,,,,"YOGENDRA SINGH",Hindu,5,,,,,,,,,,,,,,,,,,,"AJAY KUMAR SINGH",Hindu,50,,,,,,,,,,,,,,,,,,,,,,,,,,,,"RAVINDRA SINGH",Hindu,5,,,,,,,,,,,,,,,,,,,,,,"RAJVIR SINGH",Hindu,16,,,,,,,,,,,,,,,,,,,,,,,,,,,,,,,,,,,,,,,,,,,,,,"MAN SINGH KASHYAP",Hindu,13,,,,,,,,,,,,,,,,"GENDA LAL PAL",Hindu,9,,,,"HAKIM SINGH YADAV",Hindu,6,,,,,,,,,,"KARUNA NIDHI PANDEY",Hindu,25,,,,,,,,,,"TRIPTI SHAKYA",Hindu,22,,,,,,,,,,,,
22,22,,,,,,,,,,,,,,,,,,,,,,,,,,,,,,,,,,,,,,,,,,,,,,,,,,,,,,,,,,,,,SHABBIR,Unknown,0,,,,,,,,,,,,,,,,,,,,,,,,,,,,,,,,,,,,,,,,,,,,,,,,,,,,,,,,,,,,,,,,,,,,,,,,,,,,,,,,,,,,,,,,,,,,,,,,,,,,,,,"KUNWAR DEVENDRA SINGH YADAV",Hindu,30,,,,,,,,,,,,,,,,,,,,,,,,,,,,,,,,,,,,,"RAJVEER SINGH",Hindu,5,,,,"KALIYAN SINGH",Hindu,16,,,,,,,,,,,,,,,,,,,,,,,,,,,,,,,,,,,,,RISHIPAL,Unknown,0,INDRAPAL,Unknown,0,,,,,,,,,,,,,,,,,,,,,,"MUNAWAR HUSSAIN",Muslim,16,SANDEEP,Hindu,66,,,,,,,,,,,,,,,,,,,,,,,,,,,,,,,,,,,,,"DR. MAHADEEPAK SINGH SHAKYA",Hindu,49,,,,,,,,,,,,,,,,,,,,,,,,,,,,,,,,,,,,,,,,"DR.SHYAM SINGH SHAKYA",Hindu,49,,,,,,,,,,,,
23,23,,,,,,,,,,,,,,,,,,,,,,,,,,,,,,,,,,"DHARMENDRA YADAV",Hindu,5,,,,,,,,,,,,,,,,,,,,,,,,,,,,,,,,,,,,,,,,,,,,,,,,,,,,,,,,,,,,,,,,"AJEET SINGH YADAV",Hindu,23,,,,,,,,,,,,,,,,,,,,,,,,,,,,,,,,,,,,,,,,,,,,,,,,,,,,,,,,,,"D. K. BHARDWAJ",Hindu,16,,,,"DHARAM YADAV URF D. P. YADAV",Hindu,24,,,,,,,,,,,,,,,,"BRIJ PAL SINGH SHAKYA",Hindu,53,,,,"JAVITRI DEVI",Hindu,3,,,,,,,,,,,,,,,,,,,"ANUPAM SHARMA",Hindu,5,,,,,,,,,,,,,,,,,,,,,,,,,,,,,,,,,,,,,,,,,,,,,,,,,,,,,,,,,,,,,,,,,,,,,,,,,,,,,,,,,,,,,,,,,,,,,,,,,,,,,,,,,,"SALEEM IQBAL SHERWANI",Muslim,30,,,,,,,,,,,,,,,,,,,,,,,,,,,,,,,,,,,,,,,,,,,,,,,,,,,,,,
24,24,,,,,,,,,,,,,,,,,,,,,,,,,,,,,,,,,,"DHARMENDRA KUMAR",Hindu,5,"MEHBOOB AHMAD KHAN",Muslim,25,,,,,,,,,,,,,,,,,,,,,,"MUSHTAQ AHMAD",Muslim,25,,,,,,,,,,,,,,,,,,,,,,,,,,,,,,,"WASI AHMAD",Muslim,25,,,,,,,,,,,,,,,,,,,,,,,,,,,,,,,,,,"DEEN DAYAL",Hindu,14,,,,,,,,,,,,,,,,,,,,,,,,,,,,,,,,,,"KUNWAR SARVRAJ SINGH",Hindu,46,,,,,,,,,,,,,,,,,,,,,,"PRITHVI NATH SINGH SONKAR",Hindu,68,,,,,,,,,,,,,,,,,,,"AJAY PRATAP SINGH",Hindu,29,,,,,,,,,,,,,,,,,,,,,,,,,,,,,,,,,,,,,,,,,,,,,,,,,,,,,,,,,,,,,,,,,,,,,,,,,,,,,,,,,,,,,,,,,,,,,,,,,,,,,,,,,,,,,"SWAMI DR.LAXMI NARAYANACHARYA",Hindu,83,,,,,,,,,,,,,"TIKA RAM SAHU",Hindu,8,,,,,,,,,,,,,,,,,,,,,,"MENKA GANDHI",Hindu,46,,,,,,,,,,,,
25,25,,,,,,,,,,,,,,,,,,,,,,,,,,,,,,,,,,"BHAGWAT SARAN GANGWAR",Unknown,0,,,,,,,,,,,,,,,,,,,,,,,,,,,,,,,,,,,,,,,,,,,,,,,,,,,,,,,,,,,,,"LAIQ AHMAD",Muslim,12,,,,,,,,,,,,,,,,,,,,,,,,,,,,,,,,,,,,,,,,,,,,,,,,,,,,"NADEEM IQBAL",Muslim,19,,,,,,,,,,,,,"ISLAM SABIR ANSARI",Muslim,50,,,,,,,,,,,,,,,,,,,,,,,,,,,,,,,,,,,,,,,,,,,"ASHOK KUMAR SHARMA",Hindu,50,,,,,,,,,,,,,,,,,,,,,,,,,,,,,,,,,,,,,,,,,,,,,,,,,,,,,,,,,,,,,,,,,,,,,,,,,,,,,,,,,,,,,,,,,,,,,,,,,,,,,,,,,,"PRAVEEN SINGH ARON",Hindu,30,,,,,,,,,,,,,,,,,,,,,,,,,,,,,,,,,,,,,,,,"SANTOSH GANGWAR",Hindu,83,,,,,,,,,,,,
26,26,,,,,,,,,,,,,,,,,,,,,,,,,,,,,,,,,,"RIYAZ AHMAD",Muslim,8,,,,,,,,,,,,,,,,,,,,,,,,,,,,,,,,,,"RAM KUMAR ARYA",Hindu,20,,,,,,,,,,,,,,,,,,,,,,,,,"INDRA PAL",Hindu,9,,,,,,,,,,,,,,,,,,,,,,,,,,,,,,,,,,,,,,,,,,,,,,,,,,,,,,,,,,,,,,,,,,,"GANGA CHARAN",Hindu,13,,,,,,,,,,,,,,,,,,,,,,,,,,,,,,,,,,,,,,,,,,,"MAHAVIR SINGH",Hindu,13,,,,"HARISH KUMAR",Hindu,19,,,,,,,,,,,,,,,,,,,,,,,,,,,,"KRISHNA ADHIKARI",Hindu,46,,,,,,,,,,,,,,,,,,,,,,,,,"MASTER CHOTEY LAL GANGWAR",Hindu,7,,,,,,,,,,,,,,,,,,,,,,,,,,,,"HARPAL SINGH",Sikh,33,,,,,,,,,,,,,"V. M. SINGH",Hindu,16,,,,,,,,,,,,,,,,,,,,,,,,,,,,,,,,,,,,,,,,"FEROZE VARUN GANDHI",Unknown,0,,,,,,,,,,"JAMUNA DAVI",Hindu,83
27,27,,,,,,,,,,,,,,,,,,,,,,,,,,,,,,,,,,MITHLESH,Unknown,0,,,,,,,,,,,,,,,,,,,DAULATRAM,Unknown,0,,,,,,,,,,,,,RAMPRAKASH,Unknown,0,,,,,,,,,,,,,,,,,,,,,,,,,,,,,,,,,,,,,,,,,,,,,,,,,,,,,,,,,,,,,,,,,,,,,,,,,,,,,,,,,,,,,,,,,,,,,,"SUNITA SINGH",Hindu,46,,,,,,,,,,,,,,,,"ARVIND KUMAR",Hindu,46,,,,,,,,,,,,,,,,,,,,,,,,,KUNWARPAL,Unknown,0,,,,,,,,,,,,,,,,,,,,,,,,,,,,,,,,,,,,,,,,,,,,,,,,,,,,,,,,,,,,,"DR JAUHARI LAL",Hindu,16,,,,,,,,,,,,,RAMSEWAK,Unknown,0,,,,,,,,,,,,,,,,,,,,,,,,,,,,"UMED SINGH",Hindu,4,,,,,,,,,,,,,,,,,,,,,,,,,,,,,,,,,,,,,HEERALAL,Unknown,0,"KRISHNA RAJ",Hindu,46,,,,,,,,,,,,
28,28,,,,,,,,,,,,,,,,,,,,,,,,,,,,,,,,,,"RAVI PRAKASH VERMA",Hindu,14,,,,,,,,,,,,,,,,,,,,,,,,,,,,,,,,,,,,,,,,,,,,,,,,,,,,,,,,,,,,,"ANUPAM VERMA",Hindu,5,,,,"KASHINATH SINGH",Hindu,46,,,,,,,,,,,,,,,,,,,,,,,,,,,,,,,,,,,,,,,,,,,,,,,,,,,,,,,,,,,,,"ILIYAS AZMI",Muslim,40,,,,,,,,,,,,,,,,,,,,,,,,,,,,,,,,,,,,,,,,,,,ARVIND,Hindu,66,,,,,,,,,,,,,,,,,,,,,,,,,,,,,,,,,,RAMDARASH,Unknown,0,,,,,,,,,,,,,,,,,,,,,,,,,,,,,,,,,,,,,,,,,,,,,,,,,,,,,,,,,,,,,,,,"ANIL KISHORE",Hindu,43,,,,"ZAFAR ALI NAQVI",Muslim,26,,,,,,,,,,,,,,,,,,,,,,,,,,,,,,,,,,,,,,,,"AJAY KUMAR",Hindu,46,,,,,,,,,,,,
29,29,,,,,,,,,,,,,,,,,,,,,,,,,,,,,,,,,,"OM PRAKASH",Unknown,0,,,,,,,,,,,,,,,,,,,,,,,,,,,,,,,,,,,,,,,,,,,,,,,,,,,,,,,,,,,,,SUSHILA,Hindu,66,,,,,,,,,,,,,,,,,,,,,,,,,,,,,,,,,,,,,,,,,,,,,,,,,,,,,,,,,,,,,,,,,,,"RAJESH KUMAR SINGH ALIAS RAJESH VERMA",Hindu,54,,,,,,,,,,,,,,,,,,,,,,,,,,,,,,,,,,,,,,,,,,,"KAPIL KUMAR",Hindu,16,,,,,,,,,,,,,,,,,,,,,,,,,,,,,,,,,,"ARJUN LAL",Hindu,46,,,,,,,,,,,,,,,,,,,,,,,,,RAJESH,Hindu,66,,,,,,,,,,,,,,,,"SWAMI DAYAL GAUR",Hindu,33,,,,,,,,,,,,,,,,,,,,,,,,,"KUNWAR JITIN PRASAD",Hindu,50,,,,,,,,,,,,,,,,,,,,,,,,,,,,,,,,,,,,,,,,"RAGHVENDRA SINGH",Hindu,16,,,,,,,,,,,,
30,30,,,,,,,,,,,,,,,,,,,,,,,,,,,,"DAYA SHANKAR BOSE",Hindu,17,,,,"MAHENDRA SINGH VERMA",Hindu,52,,,,,,,,,,,,,,,,,,,"KULDEEP KUMAR",Hindu,5,,,,,,,,,,,,,,,,,,,,,,,,,,,,,,,,,,,,,,,,,,,,,,"HARE RAM FAUJI",Hindu,6,,,,,,,,,,,,,,,,,,,,,,,,,,,,,,,,,,,,,,,,,,,,,,,,,,,,,,,,,,,,,"KAISAR JAHAN",Unknown,0,,,,,,,,,,,,,,,,,,,,,,,,,,,,,,,,,,,,,,,,,,,"MUNNA LAL",Hindu,5,,,,"MAIKU LAL",Hindu,16,,,,,,,,,,,,,,,,,,,,,,,,,,,,"GAYA PRASAD",Hindu,16,"RAM DAS",Hindu,13,,,,,,,,,,,,,,,,,,,,,,"JAGDISH NARAYAN SHUKLA",Hindu,50,,,,,,,,,,,,,,,,,,,,,,,,,,,,,,,,,,,,,,,,,,,"RAM LAL RAHI",Hindu,10,,,,,,,,,,,,,,,,,,,,,,,,,,,,GOVIND,Hindu,66,,,,,,,,,,"GYAN TIWARI",Hindu,5,,,,,,,,,,,,
31,31,,,,,,,,,,,,,,,,,,,,,,,,,SHANTISWAROOP,Unknown,0,,,,,,,"USHA VERMA",Hindu,46,,,,,,,,,,,,,,,,,,,,,,,,,,,,,,,,,,,,,,,,,,,,,,,,,,,,,,,,,,,,,,,,,,,,,,,,,,,,,,,,,,,,,,,,HARIBAKHSH,Unknown,0,,,,,,,,,,,,,,,,,,,,,,,,,,,,,,,,,,,,,,,,"RAM KUMAR KURIL",Hindu,22,,,,,,,,,,,,,,,,"BHAIYA LAL ALIAS CHAMAN BABU",Hindu,4,,,,,,,,,,,,,,,,,,,,,,,,,USHA,Hindu,66,,,,,,,,,,,,,BALAKRAM,Unknown,0,,,,,,,,,,,,,,,,,,,,,,,,,,,,,,,,,,,,,,,,,,,,,,,,,,,,,,,,,,,,,,,,,,,,,,,,,,,,,,,,,,,,,,,,,,,,,,,,,,,,,,,,,,,,,,,,,,,,,,,,,,,,,,,,,,,,,"PURNIMA VERMA",Hindu,46,,,,,,,,,,,,
32,32,,,,,,,,,,,,,,,,,,,,,,,,,,,,,,,,,,"SHYAM PRAKASH",Hindu,13,,,,,,,,,,,,,,,,,,,,,,,,,,,,,,,,,,,,,,,,,,,,,,,,,,,,,,,,,,,,,,,,,,,,,,,,,,,,,,,,,,,,,,,,,,,,,,,,,,,,,,,,,,,,,,,,,,,,,,,,,,,,,,,,,,"ASHOK KUMAR RAWAT",Hindu,50,,,,,,,,,,,,,,,,,,,,,,,,,,,,,,,,,,,,,,,,,,,"UDAY PRATAP",Hindu,20,,,,,,,,,,,,,,,,,,,,,,,,,,,,,,,,,,,,,,,,,,,,,,,,,,,,,,,,,,,,,,,,,,,"RAM AUTAR",Hindu,6,,,,,,,,,,,,,,,,,,,,,,"VISHAMBHAR DAYAL",Hindu,23,,,,,,,,,,,,,"OM PRAKASH",Unknown,0,,,,,,,,,,,,,,,,,,,,,,,,,,,,,,,,,,,,,,,,"ANIL KUMAR ALIAS ANIL BHARGAV",Hindu,24,,,,,,,,,,,,
33,33,,,,,,,,,,,,,,,,,,,,,,,,,,,,,,,,,,DEEPAKKUMAR,Unknown,0,,,,,,,,,,,,,,,,,,,,,,,,,,,,,,,,,,,,,,,,,,,,,,,,,,,,,,,,,,,,,UMESHCHANDRA,Unknown,0,,,,,,,,,,,,,,,,,,,,,,,,,,,,,,,,,,,,,,,,,,,,,,,,,,,,,,,,,,,,,JAVEDRAZA,Unknown,0,,,,ARUNSHANKARSHUKLA,Unknown,0,,,,,,,,,,,,,,,,,,,,,,,,,,,,,,,,,,,,,RAJUKASHYAP,Unknown,0,,,,VASUDEVVISHARAD,Unknown,0,RASHIDQAMAR,Unknown,0,,,,,,,RAMAOTAR,Unknown,0,,,,,,,,,,,,,,,,,,,,,,,,,,,,,,,RAMSEVAK,Unknown,0,,,,,,,,,,,,,,,,,,,,,,CHHEDILAL,Unknown,0,,,,SHIVSHANKERKUSHWAHA,Unknown,0,,,,,,,,,,,,,,,,RAJKISHORESINGH,Unknown,0,,,,,,,,,,,,,ANNUTANDON,Unknown,0,,,,,,,,,,,,,,,,,,,,,,,,,,,,,,,,,,,,,,,,RAMESHKUMARSINGH,Unknown,0,,,,,,,,,,,,
34,34,,,,,,,,,,,,,,,,,,,,,,,,,,,,,,,,,,"SUSHILA  SAROJ",Hindu,62,,,,,,,,,,,,,,,,,,,,,,,,,,,,,,,,,,,,,,,,,,,,,,,,,,,,,,,,,,,,,,,,,,,,,,,,,,,,,,,,,,,,,,,,,,,,,,,,,,,,,,,SATTIDEEN,Unknown,0,,,,,,,,,,,,,,,,,,,,,,,,,"JAI PRAKASH",Unknown,0,,,,,,,,,,,,,R.K.CHAUDHARY,Unknown,0,,,,,,,,,,,,,,,,,,,,,,,,,,,,"RAM DHAN",Hindu,8,,,,,,,,,,,,,,,,,,,,,,,,,,,,,,,,,,,,,,,,,,,,,,,,,,,,,,,,,,,,,,,,,,,,,,,,,,,,,,,,,,,,,,,,,,,"JAIPAL PATHIK",Jain,1,,,,,,,,,,,,,,,,,,,,,,,,,,,,,,,,,,,,,,,,,,,,,,,,,,,,,,,"RANJAN KUMAR CHAUDHARY",Hindu,50,,,,,,,,,,,,
35,35,DASHARATH,Hindu,66,,,,,,,"PRAVEEN KUMAR MISHRA",Hindu,25,,,,,,,,,,,,,,,,,,,"KAMAL CHANDRA",Hindu,4,"NAFISA ALI SODHI",Muslim,33,,,,,,,,,,,,,,,,,,,,,,,,,,,,,,,,,,,,,,,,,,,,,,,,,,,,,,,,,,"DR.KHAN MOHMAD ATIF",Muslim,66,,,,,,,,,,,,,,,,,,,,,,,,,,,,"MOHD. IRSHAD",Muslim,23,,,,,,,,,,,,,,,,,,,"NAND KUMAR LODHI RAJPOOT",Hindu,33,,,,,,,,,,,,,,,,,,,"DR. AKHILESH DAS GUPTA",Hindu,50,,,,,,,,,,,,,,,,,,,,,,"MUSTAQ KHAN",Muslim,46,,,,,,,,,,,,,,,,"JUGUNU RANJAN",Hindu,66,"SUMAN LATA DIXIT",Hindu,15,,,,,,,,,,,,,,,,,,,"ANUPAM MISHRA",Hindu,5,,,,,,,,,,,,,,,,,,,,,,,,,,,,,,,,,,,,,,,,,,,,,,,,,,,,,,,,,,"MURLI PRASAD",Hindu,46,,,,,,,"RAJESH KUMAR PANDEY",Hindu,50,,,,,,,,,,,,,,,,"RITA BAHUGUNA JOSHI",Hindu,2,,,,"RAVI SHANKAR BHARAT",Hindu,9,,,,,,,,,,,,,,,,,,,,,,,,,,,,,,,,,,"LAL JI TANDON",Hindu,7,,,,,,,,,,,,
36,36,,,,,,,,,,,,,,,,,,,,,,,,,,,,,,,,,,,,,,,,,,,,,,,,,,,,,,,,,,,,,,,,,,,,,,,,,,,,,,,,,,,,,,,,,,,,,,,,,"ANIL KUMAR MAURYA",Hindu,33,,,,,,,,,,,,,,,,,,,,,,,,,,,,,,,,,,,,,,,,,,,,,,,,,,,,,,,,,,,,,,,,,,,R.S.KUSHWAHA,Unknown,0,,,,,,,,,,,,,,,,,,,,,,,,,,,,,,,,,,,,,,,,,,,AVNISH,Unknown,0,,,,,,,,,,,,,,,,,,,,,,,,,,,,,,,,,,,,,,,,,,,,,,,,,,,,,,,,,,,,,,,,,,,,,,,,,,,,,,,,,,,,,,,,,,,DINESH,Hindu,66,,,,,,,,,,,,,"SONIA GANDHI",Hindu,46,,,,,,,,,,,,,,,,,,,,,,,,,,,,,,,,,,,,,,,,R.B.SINGH,Unknown,0,,,,,,,,,,,,
37,37,,,,,,,,,,,,,,,,,,,,,,,,,,,,,,,,,,,,,,,,,,,,,,,,,,,,,,,,,,,,,,,,,,,,,,,,,,,,,,,,,,,,,"SURYABHAN MAURYA",Hindu,46,,,,,,,,,,,,,,,,BHUWAL,Unknown,0,,,,,,,,,,,,,,,,,,,,,,,,,,,,,,,,,,,,,,,,,,,,,,,,,,,,,,,,,,,,,"ASHEESH SHUKLA",Hindu,16,,,,,,,,,,,,,,,,,,,,,,,,,,,,SUNITA,Hindu,66,,,,,,,,,,,,,"KAPIL DEO",Hindu,11,,,,,,,,,,,,,,,,,,,,,,,,,,,,,,,,,,,,,"MOHD.HASAN LAHARI",Unknown,0,,,,,,,,,,,,,,,,,,,,,,,,,,,,,,,,,,,,,,,,,,,,,,,,,,,,,,,,,,,,,,,,,,,"RAHUL GANDHI",Hindu,46,,,,,,,,,,,,,,,,,,,,,,,,,,,,,,,,,,,,,,,,"PRADEEP KUMAR SINGH",Hindu,33,,,,,,,,,,,,
38,38,,,,,,,,,,,,,,,,,,,,,,,,,,,,"RAJKUMAR PANDEY",Hindu,9,,,,"ASHOK PANDEY",Hindu,46,,,,,,,,,,,,,,,,,,,MOHD.UMAR,Unknown,0,,,,,,,,,,,,,,,,,,,,,,,,,,,,,,,,,,,,,,,,"CHOTELAL MAURYA",Hindu,16,,,,,,,,,,,,,,,,,,,,,,,,,,,,,,,,,,,,,,,,,,,,,,,,,,,,,,,,,,,,,,,,,,,MOHD.TAHIR,Unknown,0,,,,,,,,,,,,,,,,,,,,,,,,,,,,,,,,,,,,,,,,,,,"ARVIND KUMAR",Hindu,46,,,,,,,,,,,,,,,,,,,,,,,,,,,,,,,,,,,,,"TRIVENI PRASAD BHEEM",Hindu,66,,,,,,,,,,,,,,,,,,,,,,,,,,,,ANIL,Hindu,23,,,,,,,,,,,,,,,,,,,,,,,,,,,,,,,,,,,,,"DR.SANJAY SINGH",Hindu,16,,,,,,,RAKESH,Hindu,66,,,,,,,,,,,,,,,,,,,,,,,,,,,,,,,"SURYA BHAN SINGH",Hindu,16,,,,,,,,,,,,
39,39,,,,,,,,,,,,,,,,,,,,,,,,,,,,,,,,,,"KUNWAR AKSHAYA PRATAP SINGH 'GOPAL JI'",Hindu,38,,,,,,,,,,,,,,,,,,,,,,,,,,,,,,,,,,,,,,,,,,,,,,,,,,,,,,,"ARUN KUMAR",Hindu,46,,,,"ATIQ AHAMAD",Unknown,0,,,,,,,,,,,,,,,,,,,,,,,,,,,,,,,,,,,,,,,,,,,,,,,,,,,,,,,,,,,,,,,,,,,"PROF. SHIVAKANT OJHA",Muslim,2,,,,,,,"A. RASHID ANSARI",Muslim,9,,,,,,,,,,,,,,,,,,,,,,,,,,,,,,,,,,"ATUL DWIVEDI",Hindu,46,,,,,,,,,,,,,,,,,,,,,,,,,,,,,,,,,,,,,,,,,,,,,,,,,,,,,,,,,,,,,,,,,,,,,,,,,,,,,,,,,,,,,,,,,,,,,,,,,,,,,,,,,,"RAJKUMARI RATNA SINGH",Hindu,33,,,,,,,,,,,,,,,,,,,,,,,,,,,,RAJESH,Hindu,66,,,,,,,,,,"LAKSHMI NARAIN PANDEY 'GURU JI'",Unknown,0,,,,,,,,,,,,
40,40,,,,,,,,,,,,,,,,,,,,,,,,,,,,,,,,,,"CHANDRA BHUSHAN SINGH URF MUNNU BABU",Hindu,53,,,,,,,,,,,,,,,,,,,,,,,,,,,,,,,,,,,,,,,,,,,,,,,,,,,,,,,,,,,,,"SUBODH GANGWAR",Hindu,83,,,,"OM BABU",Hindu,16,,,,,,,,,,,,,,,,,,,,,,,,,,,,,,,,,,,,,"DALGANJAN SINGH YADAV",Hindu,49,,,,,,,,,,,,,,,,,,,,,,"NARESH CHANDRA AGRAWAL",Hindu,50,,,,,,,,,,,,,,,,,,,,,,"WAZID ALI",Muslim,16,,,,,,,,,,,,,,,,,,,"RIYAZ AHMAD",Muslim,8,,,,,,,RAMSHARAN,Unknown,0,,,,,,,,,,,,,,,,,,,,,,,,,,,,"JAIVEER SINGH SHAKYA",Hindu,52,,,,,,,,,,,,,,,,RISHIDUTT,Unknown,0,,,,,,,,,,,,,,,,,,,,,,"SWAMI SACHIDANAND HARI SAKSHI",Hindu,13,,,,,,,,,,,,,,,,,,,,,,,,,"SALMAN KHURSHEED",Muslim,27,,,,,,,,,,,,,,,,,,,,,,,,,,,,,,,,,,,,,,,,"MITHLESH KUMARI",Unknown,0,,,,,,,,,,,,
41,41,,,,,,,,,,,,,,,,,,,,,,,,,,,,,,,,,,PREMDAS,Unknown,0,"SHIV RAM DOHRE",Hindu,17,,,,,,,,,,,,,,,,,,,,,,,,,,,,,,,,,,,,,,,,,,,,,,,,,,,,,,,,,,,,,,,,,,,,,,,,,,,,,,,,,,,,,,,,,,,,,,,,,,,,,,,,,,,,,,,,,,,,,,,,,,,,,,,GAURISHANKER,Unknown,0,,,,,,,,,,,,,,,,,,,,,,,,,,,,,,,,,,,,,,,,,,,JAISHANKAR,Hindu,66,,,,,,,,,,,,,,,,SIYARAM,Unknown,0,,,,,,,,,,,,,,,,,,,,,,,,,,,,,,,,,,,,,,,,,,,,,,,,,,,,,,,,,,,,,,,,,,,,,,,,,,,,,,,,,,"SANT KUMAR DOHRE",Hindu,9,,,,,,,,,,,,,,,,,,,,,,,,,,,,,,,,,,,,,,,,,,,,,,"KAMLESH VERMA",Hindu,46,,,,,,,,,,,,
42,42,,,,,,,,,,,,,,,,,,,,,,,,,,,,"NARAYAN KUMAR",Hindu,46,,,,"AKHILESH YADAV",Hindu,46,"VIJAY SINGH CHAUHAN",Hindu,52,,,,,,,BALRAM,Hindu,66,,,,,,,,,,,,,,,,,,,,,,,,,,,,,,,,,,,,,,,,,,,,,,,,,,,,,,,"RAM SWAROOP",Hindu,29,,,,,,,,,,,,,,,,,,,,,,,,,,,,,,,,,,,,,,,,,,,,,,,,,,,,,,,,,,,,,"DR. MAHESH CHANDRA VERMA",Hindu,50,,,,,,,,,,,,,,,,,,,,,,,,,,,,,,,,,,,,,"RAM KARAN KASHYAP",Hindu,5,,,,PRADEEP,Hindu,23,,,,,,,,,,,,,,,,,,,,,,,,,,,,,,,,,,,,,,,,,,,,,,,,,,,,,,,,,,,,,,,,,,,,,,,,,"AJAB SINGH YADAV",Hindu,49,,,,,,,,,,,,,,,,,,,,,,,,,,,,,,,,,,,,,"RAM BABU TRIVEDI",Hindu,8,,,,,,,,,,,,,,,,,,,,,,,,,,,,,,,,,,"SUBRAT PATHAK",Hindu,16,,,,,,,,,,,,
43,43,,,,,,,,,,,,,,,,,,,,,,,,,,,,,,,,,,"SURENDRA MOHAN AGRAWAL",Hindu,14,,,,,,,,,,,,,,,,,,,,,,,,,,,,,,,,,,,,,,,,,,,,,,,,,,,,,,,,,,,,,,,,,,,,,,,,,,,,,,,,,,,,,,,,,,,,,,,,,,,,,,,,,,,,,,,,"GUFRAN  AHMED",Hindu,2,,,,,,,,,,,,,,,,"SUKHDA MISHRA",Hindu,16,,,,,,,,,,,,,,,,,,,,,,"MOTI LAL SHARMA",Hindu,13,,,,,,,,,,,,,,,,,,,"GAYA PRASAD",Hindu,16,,,,,,,,,,,,,,,,,,,,,,,,,,,,,,,,,,,,,,,,,,,,,,,,,,,,,,,"JAGDISH PRASAD",Hindu,46,,,,,,,,,,,,,,,,,,,,,,,,,,,,,,,,,,,,,,,,,,,,,,,,,"SRI PRAKASH JAISWAL",Hindu,17,,,,"OMENDRA BHARAT",Unknown,0,,,,,,,,,,,,,,,,,,,,,,,,,,,,,,,,,,"SATISH MAHANA",Hindu,83,,,,,,,,,,,,
44,44,,,,,,,,,,,,,,,,,,,,,,,,,"CHAUDHARY DHARMENDRA SINGH YADAV",Hindu,22,,,,,,,"KAMLESH KUMAR PATHAK",Hindu,50,,,,,,,,,,,,,,,,,,,,,,,,,,,,,,,,,,,,,,,,,,,,,,,,,,,,,,,,,,,,,,,,,,,"AMAR SINGH CHAUHAN",Hindu,15,,,,,,,,,,,,,,,,,,,,,,,,,,,,,,,,,,,,,,,,,,,,,,,,,,,,,,,,,,,,,"ANIL SHUKLA WARSI",Hindu,26,,,,,,,,,,,,,,,,"DR.A.K. GUPTA",Hindu,16,"BAIKUNTH NATH",Unknown,0,,,,,,,,,,,,,,,,,,,,,,OMKAR,Hindu,23,,,,,,,,,,,,,,,,,,,,,,,,,,,,,,,,,,,,,,,,,,,,,,,,,,,,,,,,,,"RAM GOPAL",Hindu,29,,,,,,,,,,,,,"VIMAL SINGH BHADAURIA",Hindu,24,,,,,,,,,,,,,,,,,,,,,,,,,,,,,,,"RAJARAM PAL",Hindu,16,,,,"DHARMENDRA PRATAP SINGH",Hindu,17,,,,,,,,,,,,,,,,,,,,,,,,,,,,,,,,,,"ARUN KUMAR TIWARI BABA",Hindu,66,,,,"DAYA SHANKER",Unknown,0,,,,"SATENDRA KUSHWAHA",Hindu,16
45,45,,,,,,,,,,,,,,,,,,,,,,,,,,,,"DASHRATH SINGH AHIRWAR",Hindu,90,,,,"GHANSYAM ANURAGI",Unknown,0,,,,,,,,,,,,,,,,,,,,,,,,,"PRATAP SINGH KATHARIYA",Hindu,34,,,,,,,,,,,,,,,,,,,,,,,,,,,,,,,,,,"PRABHA VERMA",Hindu,5,,,,HUKUM,Unknown,0,,,,,,,,,,,,,,,,,,,,,,,,,,,,,,,,,,,,,,,,,,,,,,,,,,,,,,,,,,,,,"TILAK CHANDRA AHIRWAR",Hindu,66,,,,,,,,,,,,,,,,"BHAGGOOLAL VALMIKI",Hindu,16,,,,,,,,,,,,,,,,,,,,,,,,,MEVALAL,Unknown,0,,,,,,,,,,,,,,,,,,,,,,,,,,,,,,,,,,KASHIRAM,Unknown,0,,,,,,,,,,,,,,,,,,,,,,"SANJAY KUMAR",Hindu,46,"NATHURAM VERMA LOHIA",Unknown,0,,,,,,,,,,,,,,,,,,,,,,,,,,,,,,,,,,,,,,,,,,,"DR. BABU RAMADHIN AHIRWAR",Unknown,0,,,,,,,,,,,,,,,,,,,,,,,,,,,,,,,,,,,,,,,,"BHANU PRATAP SINGH VERMA",Hindu,36,,,,,,,,,,,,
46,46,,,,,,,,,,,,,,,,,,,,,,,,,,,,,,,,,,"CHANDRPAL SINGH YADAV",Hindu,49,,,,,,,,,,,,,,,,"BABU LAL NANGAL",Hindu,7,,,,,,,,,,,,,,,,,,,,,,,,,,,,,,,,,,,,,,,,,,,"BALAK DAS",Hindu,40,,,,,,,,,,,,,,,,,,,,,,,,,,,,,,,,,,,,,,,,,,,,,,,,,,,,,,,,,,,,,,,,,,,"RAMESH KUMAR SHARMA",Hindu,21,,,,,,,,,,,,,,,,"SUJAN SINGH BUNDELA",Hindu,24,,,,"MANMOHAN GUPTA",Hindu,5,,,,,,,,,,,,,,,,,,,"ABDESH BHOOSHAN SRIVASTAVA",Hindu,46,,,,,,,,,,,,,,,,,,,,,,,,,,,,,,,RAMDAS,Unknown,0,,,,,,,,,,,,,,,,,,,,,,,,,,,,,,,,,,,,,,,,,,,,,,"DEEPMALA KUSHWAHA",Hindu,16,,,,,,,,,,,,,,,,,,,,,,,,,"PRADEEP KUMAR JAIN (ADITYA)",Hindu,18,,,,,,,,,,,,,,,,,,,,,,,,,,,,,,,,,,,,,,,,"RAVINDRA SHUKLA",Hindu,5,,,,,,,,,,,,
47,47,,,,,,,,,,,,,,,,,,,,,,,,,,,,,,,,,,"ASHOK KUMAR SINGH CHANDEL",Hindu,63,,,,,,,,,,,,,,,,,,,,,,,,,GIRDHARILAL,Unknown,0,,,,,,,,,,,,,,,,,,,,,,,,,,,,,,,,,,"AMIT KUMAR",Hindu,46,,,,,,,,,,,,,,,,,,,,,,,,,,,,,,,,,,,,,,,,,,,,,,,,,,,,,,,,,,,,,,,,,,,"VIJAY BAHADUR SINGH",Hindu,9,,,,,,,,,,,,,,,,,,,,,,"SHIVPRASAD PRAJAPATI",Hindu,16,,,,,,,,,,,,,,,,,,,"DESH RAJ",Hindu,16,,,,,,,,,,,,,,,,,,,,,,,,,,,,,,,,,,,,,,,,,,,"ANIL KUMAR",Hindu,22,,,,,,,,,,,,,,,,,,,"KAPIL KUMAR",Hindu,16,,,,,,,,,,,,,,,,,,,,,,,,,,,,,,,,,,KANTI,Hindu,10,,,,"SIDDHA GOPAL SAHU",Hindu,23,,,,,,,,,,,,,"HAKEEM KHAN",Muslim,46,,,,,,,,,,,,,,,,,,,,,,,,,,,,,,,,,,,,,,,
48,"",,,,,,,,,,,,,,,,,,,,,,,,,,,,,,,,,,,,,,,,,,,,,,,,,,,,,,,,,,,,,,,,,,,,,,,,,,,,,,,,,,,,,,,,,,,,,,,,,,,,,,,,,,,,,,,,,,,,,,,,,,,,,,,,,,,,,,,,,,,,,,,,,,,,,,,,,,,,,,,,,,,,,,,,,,,,,,,,,,,,,,,,,,,,,,,,,,,,,,,,,,,,,,,,,,,,,,,,,,,,,,,,,,,,,,,,,,,,,,,,,,,,,,,,,,,,,,,,,,,,,,,,,,,,,,,,,,,,,,,,,,,,,,,,,,,,,,,,,,,,,,,,,,,,,,,,,,,,,,,,,,,,,,,,,,,,,,,,,,,,,,,,,,,,,,,,,,,,,,,,,,,,,,,,,,,,,,,
49,47,,,,,,,,,,,,,,,,,,,,,,,,,,,,,,,,,,,,,,,,,,,,,,,,,,,,,,,,,,,,,GIRDHARILAL,Unknown,0,,,,,,,,,,,,,,,,,,,,,,,,,,,,,,,,,,"AMIT KUMAR",Hindu,46,,,,,,,,,,,,,,,,,,,,,,,,,,,,,,,,,,,,,,,,,,,,,,,,,,,,,,,,,,,,,,,,,,,,,,,,,,,,,,,,,,,,,,,,,,,"SHIVPRASAD PRAJAPATI",Hindu,16,,,,,,,,,,,,,,,,,,,"DESH RAJ",Hindu,16,,,,,,,,,,,,,,,,,,,,,,,,,,,,,,,,,,,,,,,,,,,"ANIL KUMAR",Hindu,22,,,,,,,,,,,,,,,,,,,"KAPIL KUMAR",Hindu,16,,,,,,,,,,,,,,,,,,,,,,,,,,,,,,,,,,KANTI,Hindu,10,,,,,,,,,,,,,,,,,,,"HAKEEM KHAN",Muslim,46,,,,,,,,,,,,,,,,,,,,,,,,,,,,,,,,,,,,,,,
50,48,,,,,,,,,,,,,,,,,,,,,,,,,,,,,,,,,,"R. K. SINGH PATEL",Hindu,49,,,,,,,,,,,,,,,,,,,,,,,,,,,,,,,,,,,,,,,,,,,,,,,,,,,,,,,,,,,,,"PARASHU RAM NISHAD",Hindu,29,,,,,,,,,,ANAND,Hindu,16,,,,,,,,,,,,,,,,,,,,,,,,,,,,,,,,,,,,,,,,,,,,,,,,,,,,,,,"BHAIRON PRASAD MISHRA",Hindu,46,,,,,,,,,,,,,,,,,,,,,,"ASHOK KUMAR",Hindu,46,,,,,,,,,,,,,,,,,,,"ANSH DHARI",Hindu,83,,,,,,,,,,,,,,,,,,,,,,,,,,,,,,,,,,,,,,,,,,,"LALIT KUMAR",Hindu,9,,,,,,,,,,,,,,,,,,,,,,,,,,,,,,,,,,,,,,,,,,,,,,,,,,,,,,,,,,,,,"BHAGAWAN DEEN GARG",Muslim,33,,,,,,,,,,,,,,,,"SANTOSH KUMAR",Hindu,46,,,,,,,,,,,,,,,,,,,,,,"AMITA BAJPAI",Hindu,46,,,,,,,,,,,,
51,49,,,,,,,,,,,,,,,,,,,"AJEYA SINGH",Hindu,16,,,,,,,,,,,,,"RAKESH SACHAN",Hindu,83,,,,,,,,,,,,,,,,,,,RAEES,Muslim,23,,,,,,,,,,,,,,,,,,,,,,,,,,,,,,,,,,,,,,,,"DR. SONEY LAL PATEL",Hindu,9,,,,,,,,,,,,,,,,,,,,,,,,,,,,,,,,,,,,,,,,,,,,,,,,,,,,,,,MATIN,Muslim,16,,,,,,,,,,"MAHENDRA PRASAD NISHAD",Hindu,60,,,,,,,,,,,,,,,,,,,,,,"UDIT RAJ",Hindu,5,,,,,,,,,,,,,,,,,,,"MAHFAZUL HAK ALIAS RAJU KHAN",Muslim,5,,,,,,,,,,,,,,,,,,,,,,,,,,,,,,,,,,,,,,,,,,,,,,,,,,,,,,,,,,,,,"JAGESHWAR PAL",Hindu,16,,,,,,,,,,"VISHWASWAROOP MAURYA",Hindu,16,,,,,,,,,,,,,,,,,,,,,,,,,,,,,,,"VIBHAKAR SHASTRI",Hindu,83,,,,,,,,,,,,,,,,,,,,,,,,,,,,"MUNNA SINGH",Hindu,5,,,,,,,,,,"RADHEY SHYAM GUPTA",Hindu,50,,,,,,,,,,,,
52,50,,,,,,,,,,,,,,,,,,,,,,,,,,,,,,,,,,"SHAILENDRA KUMAR",Hindu,46,,,,,,,,,,,,,,,,,,,,,,,,,,,,,,,,,,,,,,,,,,,,,,,,,,,,,,,,,,,,,"UMESH CHANDRA PASI",Hindu,22,,,,,,,,,,,,,,,,,,,,,,,,,,,,,,,,,,,,,,,,,,,,,,,,,,,,,,,,,,,,,,,,,,,"GIRISH CHANDRA PASI",Hindu,66,,,,,,,,,,,,,,,,,,,,,,"GULAB SONKAR",Unknown,0,,,,,,,,,,,,,,,,,,,"GULAB CHANDRA",Hindu,5,,,,,,,,,,,,,,,,,,,,,,,,,,,,,,,,,,,,,,,,,,,,,,,,,,,,,,,,,,,,,,,,,,,,,,,,,,,,,,,,,,,,,,,,,,,,,,,,,,,,,,,,,,"RAM NIHOR RAKESH",Hindu,29,,,,,,,,,,,,,,,,,,,,,,,,,,,,,,,,,,,,,,,,"GAUTAM CHAUDHARY",Hindu,24,,,,,,,,,,,,
53,51,,,,,,,,,,,,,,,,,,,,,,,,,,,,"DEVENDRA PRATAP SINGH",Hindu,17,,,,"SHYAMA CHARAN GUPTA",Hindu,14,,,,,,,,,,,,,,,,,,,,,,,,,,,,,,,,,,,,,,,,,,,,,,,,,,,,,,,,,,,,,"PRADEEP KUMAR SRIVASTAVA",Hindu,33,,,,,,,,,,,,,,,,,,,,,,,,,,,,,,,,,,,,,,,,,,,,,,,,,,,,,,,,,,,,,,,,,,,"KAPIL MUNI KARWARIYA",Hindu,8,,,,,,,,,,,,,"LALLAN SINGH",Hindu,16,,,,,,,"SATISH YADAV",Hindu,46,,,,,,,,,,,,,,,,,,,"SHAILENDRA KUMAR PRAJAPATI",Hindu,50,,,,,,,,,,,,,,,,,,,,,,"VIJAY KUMAR",Hindu,46,,,,,,,,,,,,,,,,,,,,,,,,,,,,,,,,,,,,,,,,,,,,,,,,,,,,,,,,,,,,,,,,,,,,,,,,,,,,CHANDRAJEET,Unknown,0,,,,"DHARMARAJ SINGH PATEL",Hindu,49,,,,,,,,,,,,,,,,,,,,,,,,,,,,,,,,,,"SANJEEV KUMAR MISHRA",Hindu,50,,,,"KARAN SINGH PATEL",Hindu,19,,,,,,,,,,,,
54,52,,,,,,,,,,,,,,,,,,,,,,,,,,,,,,,,,,"KUNWAR REWATI RAMAN SINGH ALIAS MANI JI",Hindu,28,,,,,,,,,,"BAIJAL KUMAR",Hindu,16,,,,,,,,,,,,,SARFUDDIN,Unknown,0,,,,,,,,,,,,,"OM PRAKASH",Unknown,0,,,,,,,,,,,,,,,,,,,"BIHARI LAL SHARMA",Hindu,9,,,,"RAM PARIKHAN SINGH",Hindu,8,,,,,,,,,,,,,,,,,,,,,,,,,,,,,,,"VIJAY SHANKAR",Hindu,62,,,,,,,,,,,,,,,,,,,,,,,,,,,,"ASHOK KUMAR BAJPAI",Hindu,50,,,,,,,,,,,,,"RAJESH PASI",Hindu,83,,,,,,,"RAMA KANT",Hindu,6,,,,,,,,,,,,,,,,,,,"RAVI PRAKASH",Hindu,9,,,,,,,,,,,,,,,,,,,,,,,,,,,,,,,,,,,,,,,,,,,,,,,,,,,,,,,,,,,,,,,,,,,,,,,,,,,,,,,,,,,,,,,,,,,,,,,,,,,,"GULAB GRAMEEN",Unknown,0,,,,"SHYAM KRISHNA PANDEY",Hindu,50,,,,,,,,,,,,,,,,,,,,,,,,,,,,,,,,,,,,,,,,"YOGESH SHUKLA",Hindu,5,,,,,,,,,,,,
55,53,,,,,,,,,,,,,,,,,,,,,,,,,,,,,,,,,,"RAM SAGAR",Hindu,8,,,,,,,,,,,,,,,,,,,,,,,,,,,,,,,,,,,,,,,,,,,,,,,,,,,,,,,,,,,,,BHAGAUTI,Unknown,0,,,,JEEVAN,Hindu,9,,,,,,,,,,,,,,,,,,,SANTRAM,Unknown,0,,,,,,,,,,,,,,,,,,,,,,,,,,,,,,,,,,,,,,,,"KAMALA PRASAD RAWAT",Hindu,50,,,,,,,,,,,,,,,,,,,,,,,,,,,,,,,,,,,,,,,,,,,"RAM AUTAR",Hindu,6,,,,DESHRAJ,Unknown,0,,,,,,,,,,,,,,,,,,,,,,,,,,,,,,,BABADEEN,Unknown,0,,,,,,,,,,,,,,,,,,,,,,,,,,,,,,,,,,,,,,,,,,,,,,,,,,,,,,,,,,,,,,,,,,,P.L.PUNIA,Unknown,0,,,,,,,,,,,,,,,,,,,,,,,,,,,,,,,,,,,,,,,,"RAM NARESH RAWAT",Hindu,20,,,,,,,,,,,,
56,54,,,,,,,,,,,,,,,,,,,,,,,,,,,,,,,,,,MITRASEN,Unknown,0,,,,,,,,,,,,,,,,,,,,,,,,,,,,,,,,,,,,,,,,,,,"ATUL KUMAR PANDEY",Hindu,50,,,,,,,,,,,,,,,,"GIRISH CHANDRA VERMA",Hindu,50,,,,,,,,,,,,,,,,"SAIYYAD MUSHEER AHMED",Muslim,3,,,,,,,"GULAM SABIR",Muslim,66,"SUSHIL KUMAR",Hindu,46,,,,,,,,,,,,,,,,,,,,,,"RAMESH KUMAR RAWAT",Hindu,21,,,,,,,,,,,,,,,,,,,,,,,,,,,,,,,,,,,,,,,,,,,,,,,,,,,,,,,,,,"RAM DHIRAJ",Hindu,29,,,,,,,,,,,,,,,,,,,,,,,,,,,,,,,,,,,,,,,,,,,,,,,,,,,,,,,"MANISH KUMAR PANDEY",Hindu,50,,,,,,,,,,,,,,,,,,,,,,"AMAR NATH JAISWAL",Hindu,4,,,,,,,,,,,,,,,,,,,,,,,,,"NIRMAL KHATRI",Hindu,4,,,,"CHANDRASHEKHAR SINGH",Hindu,46,,,,,,,,,,,,,,,,,,,,,,"AJAY KUMAR",Hindu,46,,,,,,,,,,"LALLU SINGH",Hindu,16,,,,,,,,,,,,
57,"",,,,,,,,,,,,,,,,,,,,,,,,,,,,,,,,,,,,,,,,,,,,,,,,,,,,,,,,,,,,,,,,,,,,,,,,,,,,,,,,,,,,,,,,,,,,,,,,,,,,,,,,,,,,,,,,,,,,,,,,,,,,,,,,,,,,,,,,,,,,,,,,,,,,,,,,,,,,,,,,,,,,,,,,,,,,,,,,,,,,,,,,,,,,,,,,,,,,,,,,,,,,,,,,,,,,,,,,,,,,,,,,,,,,,,,,,,,,,,,,,,,,,,,,,,,,,,,,,,,,,,,,,,,,,,,,,,,,,,,,,,,,,,,,,,,,,,,,,,,,,,,,,,,,,,,,,,,,,,,,,,,,,,,,,,,,,,,,,,,,,,,,,,,,,,,,,,,,,,,,,,,,,,,,,,,,,,,
58,54,,,,,,,,,,,,,,,,,,,,,,,,,,,,,,,,,,,,,,,,,,,,,,,,,,,,,,,"NUSRAT QUDDUSI ALIAS BABLOO",Muslim,83,,,,,,,,,,,,,,,,,,,,,,"ATUL KUMAR PANDEY",Hindu,50,,,,,,,,,,,,,,,,"GIRISH CHANDRA VERMA",Hindu,50,,,,,,,,,,,,,,,,"SAIYYAD MUSHEER AHMED",Muslim,3,,,,,,,"GULAM SABIR",Muslim,66,"SUSHIL KUMAR",Hindu,46,,,,,,,,,,,,,,,,,,,,,,"RAMESH KUMAR RAWAT",Hindu,21,,,,,,,,,,,,,,,,,,,,,,,,,,,,,,,,,,,,,,,,,,,,,,,,,,,,,,,,,,"RAM DHIRAJ",Hindu,29,,,,,,,,,,,,,,,,,,,,,,,,,,,,,,,,,,,,,,,,,,,,,,,,,,,,,,,"MANISH KUMAR PANDEY",Hindu,50,,,,,,,,,,,,,,,,,,,,,,"AMAR NATH JAISWAL",Hindu,4,,,,,,,,,,,,,,,,,,,,,,,,,,,,,,,"CHANDRASHEKHAR SINGH",Hindu,46,,,,,,,,,,,,,,,,,,,,,,"AJAY KUMAR",Hindu,46,,,,,,,,,,,,,,,,,,,,,,,,
59,55,,,,,,,,,,,,,,,,,,,,,,,,,,,,,,,,,,"SHANKHLAL MAJHI",Hindu,16,,,,,,,,,,,,,,,,,,,"BASANT LAL",Hindu,16,,,,,,,,,,,,,,,,,,,,,,,,,,,,"VIJAY KUMAR MAURYA",Hindu,50,,,,,,,,,,,,,,,,LALMAN,Unknown,0,,,,,,,,,,,,,,,,,,,,,,,,,,,,,,,,,,,,,,,,,,,,,,MANSHARAM,Unknown,0,,,,,,,,,,,,,"RAKESH PANDEY",Hindu,46,,,,,,,,,,,,,,,,,,,,,,,,,,,,,,,,,,,,,,,,,,,"RAM SUKH SAHOO",Hindu,8,,,,,,,,,,,,,,,,,,,,,,,,,,,,,,,,,,"BAL MUKUND DHURIYA",Hindu,83,BHARTHARI,Unknown,0,,,,,,,,,,,,,,,,"SANTOSH KUMAR",Hindu,46,,,,,,,,,,,,,,,,,,,,,,,,,,,,,,,,,,,,,,,,,,,,,,,,,,,,,,,,,,,,,,,,,,,,,,,,,,,,,,,,,,,,,,,,,,,"VINAY KATIYAR",Unknown,0,"DINESH KUMAR RAJBHAR",Hindu,66,,,,,,,,,
60,56,,,,,,,,,,,,,,,,,,,,,,,,,,,,"TULSI RAM",Hindu,14,,,,"SHABBEER AHMAD",Hindu,2,,,,,,,,,,,,,,,,,,,"MANU DEVI",Hindu,13,,,,,,,,,,,,,,,,,,,,,,,,,,,,,,,,,,,,,,,,,,,,,,"HARENDRA KUMAR",Hindu,5,,,,,,,,,,,,,,,,,,,,,,,,,,,,,,,,,,,,,,,,,,,,,,,,,"HEERA LAL",Hindu,6,,,,,,,,,,"LAL MANI PRASAD",Hindu,5,,,,,,,,,,,,,,,,,,,,,,,,,,,,,,,,,,,,,,,,,,,"MAIKOO LAL",Hindu,16,,,,"RAM CHHABEELE SUBHASH",Hindu,29,,,,,,,,,,,,,,,,,,,,,,,,,,,,,,,,,,,,,,,,,,,,,,,,,,,,,,,,,,,,,"SATYA NARAIN",Sikh,22,,,,,,,,,,,,,,,,,,,,,,,,,,,,,,,,,,,,,"KAMAL KISHOR",Hindu,28,,,,,,,,,,,,,,,,,,,,,,,,,,,,,,,,,,,,,,,,"AKSHAYBAR LAL",Hindu,16,GOPAL,Hindu,66,,,,,,,,,
61,57,,,,,,,,,,,,,,,,,,,,,,,,,,,,,,,,,,"BRIJBHUSHAN SHARAN SINGH",Hindu,4,,,,,,,,,,,,,,,,,,,"RAMENDER DEV PATHAK",Hindu,46,,,,,,,,,,,,,,,,,,,,,,,,,,,,,,,,,,,,,,,,HAFEEZ,Muslim,16,"DAYA RAM",Hindu,9,,,,,,,,,,,,,,,,,,,,,,,,,,,,,,,,,,,,,,,,,,,,,,,,,,,,"ZAMEER AHMAD",Hindu,2,,,,,,,,,,"SURENDRA NATH AWASTHI",Hindu,5,,,,,,,,,,,,,,,,,,,,,,,,,,,,,,,,,,,,,,,,,,,"RAMPHER ALIAS CHUNTI",Unknown,0,,,,,,,,,,,,,,,,,,,,,,,,,,,,,,,,,,,,,,,,,,,,,,,,,,,,,,,,,,,,,,,,,,,"RAM PRAKSH",Hindu,6,,,,,,,,,,,,,,,,,,,,,,,,,,,,,,,"MANOJ KUMAR",Hindu,46,,,,"MOHD ALEEM",Muslim,62,,,,,,,,,,,,,,,,,,,,,,,,,,,,,,,,,,,,,,,,"DR LALTA PRASAD MISHRA ALIAS DR L P MISHRA",Hindu,35,,,,,,,,,,,,
62,58,,,,,,,,,,,,,,,,,,,,,,,,,,,,,,,,,,"RUBAB SAIDA",Unknown,0,,,,,,,,,,,,,,,,,,,"RAJESHWAR MISHRA",Hindu,16,,,,,,,,,,,,,,,,,,,,,,,,,,,,,,,,,,,,,,,,,,,,,,,,,,,,,,,,,,,,,,,,,,,,,,,,,,,,,,,,,,,,,,,,,,,,,,,,,"ARUN KUMAR",Hindu,46,,,,,,,,,,"RIZVAN ZAHEER",Muslim,83,,,,,,,,,,,,,,,,,,,,,,,,,,,,,,,,,,,,,,,,,,,"TEJ BAHADUR",Unknown,0,,,,,,,,,,,,,,,,,,,,,,,,,,,,,,,,,,,,,,,,,,,,,,,,,,,,,,,,,,,,,,,,,,,"RAM ADHAR",Hindu,6,,,,,,,,,,,,,,,,,,,,,,,,,,,,,,,,,,,,,"VINAY KUMAR ALIAS VINNU",Hindu,22,,,,,,,,,,,,,,,,,,,,,,,,,,,,,,,,,,,,,,,,"SATYA DEO SINGH",Hindu,5,KULDEEP,Hindu,16,,,,,,,,,
63,59,,,,,,,,,,,,,,,,,,,,,,,,,,,,,,,,,,"VINOD KUMAR SINGH ALIAS PANDIT SINGH",Hindu,61,,,,,,,,,,,,,,,,,,,"ASHIQ ALI",Hindu,8,,,,,,,,,,,,,,,,,,,,,,,,,,,,,,,,,,,,,,,,"VIDYA SAGAR",Hindu,4,,,,"OM PRAKASH SINGH",Hindu,5,,,,,,,,,,,,,,,,,,,,,,,,,,,,,,,,,,,,,,,,,,,,,,,,,"RAJENDRA PRASAD",Hindu,4,,,,,,,,,,"KIRTI VARDHAN SINGH  (RAJA BHAIYA)",Hindu,63,,,,,,,,,,,,,,,,,,,,,,,,,,,,,,,,,,,,,"RAM KEWAL",Hindu,21,,,,"RAM PRASAD",Hindu,8,,,,,,,,,,,,,,,,,,,,,,,,,,,,,,,,,,,,,,,,,,,,,,,,,,,,,,,"RAM LOCHAN",Hindu,29,,,,"DR ACHYUTA NAND DUBEY",Hindu,29,,,,,,,,,,,,,,,,,,,,,,,,,,,,,,,,,,,,,"HARSH VARDHAN PANDEY",Hindu,17,,,,"BENI PRASAD VERMA",Hindu,46,,,,,,,,,,,,,,,,,,,,,,,,,,,,,,,,,,,,,,,,"RAM PRATAP SINGH",Hindu,17,"PREM KUMAR",Hindu,5,,,,,,,,,
64,60,,,,,,,,,,,,,,,,,,,,,,,,,"PINGAL PRASAD",Hindu,46,"JITENDRA PRATAP SINGH",Hindu,29,,,,"MATA PRASAD PANDEY",Hindu,46,,,,,,,,,,BALKRISHNA,Unknown,0,,,,,,,"INAMULLAH CHAUDHARY",Hindu,16,,,,,,,,,,,,,,,,,,,,,,,,,,,,,,,,,,,,,,,,,,,,,,,,,,,,,,,,,,,,,,,,,,,,,,,,,,,,,,,,,,,,,,,,,,,,,,,,,,,,,,,,,,,,,"MOHD. MUQUEEM",Unknown,0,,,,,,,,,,,,,,,,,,,,,,"RAHUL SANGH PRIYA BHARTI",Hindu,50,,,,,,,,,,,,,,,,,,,"MOTILAL VIDHYARTHI",Hindu,83,,,,,,,,,,,,,,,,,,,,,,,,,,,,,,,,,,,,,,,,,,,,,,,,,,,,,,,,,,,,,,,,,,,,,,,,,,,,,,,,,,HARISHANKAR,Hindu,66,,,,,,,,,,,,,,,,,,,,,,"JAGDAMBIKA PAL",Hindu,16,,,,,,,,,,,,,,,,,,,RAJDEV,Sikh,66,,,,,,,,,,"RAM SAMUJH",Hindu,6,,,,,,,"JAI PRATAP SINGH",Hindu,7,MUKHDEV,Unknown,0,,,,,,,,,
65,61,,,,,,,,,,,,,,,,,,,,,,,,,,,,,,,,,,"RAJ KISHOR SINGH",Hindu,21,,,,,,,,,,"DALBAG SINGH",Hindu,16,,,,,,,"DAYASHANKAR PATWA",Hindu,83,,,,,,,,,,,,,,,,,,,,,,,,,,,,,,,,,,,,,,,,"RAM NAYAN PATEL",Hindu,20,,,,"SITARAM NISHAD",Hindu,62,,,,,,,,,,,,,,,,,,,,,,,,,,,,,,,,,,,,,,,,,,,,,,,,,,,,,,,,,,,,,"ARVIND KUMAR CHAUDHARY",Hindu,50,,,,,,,,,,,,,,,,,,,,,,,,,,,,,,,,,,,,,"OM PRAKASH",Unknown,0,,,,"RAM LALAN YADAV",Hindu,20,,,,,,,,,,,,,,,,,,,,,,,,,"SANJEEV KUMAR NISHAD",Hindu,60,,,,,,,,,,,,,,,,,,,,,,,,,,,,,,,,,,,,,,,,,,,SHIVDAS,Unknown,0,,,,,,,,,,,,,,,,,,,,,,,,,,,,,,,,,,"BASANT CHAUDHARY",Hindu,16,,,,,,,,,,,,,,,,,,,,,,,,,,,,,,,,,,,,,,,,"DR. Y. D. SINGH",Hindu,16,"VINOD KUMAR RAJBHAR",Hindu,66,,,,,,,,,
66,62,,,,,,,,,,,,,,,,,,,,,,,,,,,,,,,,,,"BHAL CHANDRA YADAV",Hindu,46,,,,,,,,,,,,,,,,,,,"RAJESH SINGH",Hindu,46,,,,,,,,,,,,,,,,,,,,,,,,,,,,,,,,,,,,,,,,,,,,,,"JANTRI LAL",Hindu,16,,,,,,,,,,,,,,,,,,,,,,,,,,,,,,,,,,,,,,,,,,,,,,"RAM ACHAL",Hindu,11,,,,,,,,,,,,,"BHISMA SHANKAR ALIAS KUSHAL TIWARI",Hindu,21,,,,,,,,,,,,,,,,,,,,,,,,,,,,,,,,,,,,,,,,,,,"NITYANAND MANI TRIPATHI",Hindu,15,,,,,,,,,,,,,,,,,,,,,,,,,"INDRA KUMAR",Hindu,9,,,,,,,,,,KHELADI,Unknown,0,,,,"PANCHOO BELDAR",Unknown,0,"KRISHNA NAND MISHRA",Hindu,29,,,,,,,,,,,,,,,,"VINOD RAI",Hindu,46,,,,"LOTAN ALIAS LAUTAN PRASAD",Hindu,16,,,,,,,,,,,,,,,,,,,,,,,,,,,,,,,,,,"FAZLEY MAHAMOOD",Unknown,0,,,,,,,,,,,,,,,,"KAMLA KANT CHAUDHARY",Hindu,46,,,,,,,,,,,,,,,,,,,,,,"SHARAD TRIPATHI",Hindu,46,"RAM AVADH NISHAD",Hindu,29,,,,,,,,,
67,63,,,,,,,,,,,,,,,,,,,,,,,,,,,,,,,,,,"AJEET MANI",Hindu,3,,,,,,,,,,,,,,,,,,,,,,,,,,,,,,,,,,,,,,,,,,,,,,,,,,,,,,,,,,,,,,,,,,,,,,,,,,,,,,,,,,,,,,,,,,,,,,,,,,,,,,,,,,,,,,,,,,,,,,,,,,,,,,,,,,"GANESH SHANKER PANDEY",Hindu,46,,,,,,,,,,,,,,,,,,,,,,,,,,,,,,,,,,,,,,,,,,,"RAM NIVAS",Hindu,6,,,,,,,,,,,,,,,,,,,,,,,,,,,,,,,,,,,,,,,,,,,,,,,,,,,,,,,,,,,,,,,,"ABDWURRUF ANSARI",Muslim,16,"PAWAN KUMAR",Hindu,46,,,,,,,,,,,,,,,,,,,,,,,,,,,,,,,,,,,,,"HARSH VARDHAN",Hindu,26,,,,,,,,,,,,,,,,,,,"SATYA NARAYAN URF SATNARAYAN",Hindu,22,,,,,,,,,,,,,,,,,,,"PANKAJ CHAUDHARY",Hindu,46,"RAM KISHUN NISHAD",Hindu,29,,,,,,,,,
68,64,,,,,,,,,,"JOKHAN PRASAD",Hindu,16,,,,,,,,,,,,,,,,,,,,,,"MANOJ TIWARI MRIDUL",Hindu,62,,,,,,,,,,,,,,,,,,,,,,,,,,,,,,,,,,,,,,,,,,,,,,,,,,,,,,,,,,,,,"DAYASHANKAR NISHAD",Hindu,62,,,,,,,,,,,,,,,,,,,,,,,,,,,,,,,,,,,,,,,,,,,,,,,,,,,,,,,,,,,,,,,,,,,"VINAY SHANKAR TIWARI",Hindu,21,,,,,,,,,,,,,,,,,,,,,,RAJBAHADUR,Unknown,0,,,,,,,,,,,,,,,,,,,"LAL BAHADUR",Parsi,8,,,,,,,,,,,,,,,,,,,,,,,,,,,,,,,,,,"RAJESH SAHANI",Hindu,83,,,,,,,AMAN,Unknown,0,,,,,,,,,,,,,,,,,,,,,,,,,,,,,,,,,,,,,,,,,,,,,,,,,,,,,,,,,,,,,"LALCHAND NISHAD",Hindu,62,,,,,,,,,,,,,,,,,,,RAJMANI,Unknown,0,,,,,,,,,,,,,,,,,,,ADITYANATH,Unknown,0,SRINATH,Unknown,0,,,,,,,,,
69,65,,,,,,,,,,,,,,,,,,,,,,,,,,,,,,,,,,"BRAMHA SHANKER TRIPATHI",Jain,33,,,,,,,,,,,,,,,,,,,,,,,,,,,,,,,,,,,,,,,,,,,,,,,,,,,,,,,,,,,,,,,,,,,,,,,,,,,,,,,,,,,,,,,,,,,,,,,,,,,,,,,,,,,,,,,,,,,"MADAN LAL",Hindu,22,,,,,,,,,,,,,"SWAMI PRASAD MAURYA",Hindu,50,,,,"K KUMAR",Hindu,16,,,,,,,,,,,,,,,,,,,,,,,,,,,,"DHEERAJ SHEKHAR SHRIWASTAWA",Hindu,66,,,,,,,RAMESH,Unknown,0,,,,,,,,,,,,,,,,,,,,,,,,,,,,,,,,,,,,,"BABU LAL",Hindu,16,,,,,,,,,,,,,,,,,,,,,,,,,MATIULLAH,Unknown,0,ANIL,Hindu,23,,,,,,,,,,,,,,,,"KISHOR KUMAR",Hindu,46,,,,,,,,,,,,,,,,,,,"KU. RATANJEET PRATAP NARAYAN SINGH",Hindu,29,,,,,,,,,,,,,,,,,,,,,,,,,,,,,,,,,,,,,,,,"VIJAY DUBEY",Hindu,46,JANGI,Parsi,66,,,,,,,,,
70,66,,,,,,,,,,,,,,,,,,,,,,,,,,,,,,,,,,"MOHAN SINGH",Hindu,5,,,,,,,,,,,,,,,,,,,"SAFAYAT ALI",Muslim,16,,,,,,,,,,,,,,,,,,,,,,,,,,,,,,,,,,,,,,,,,,,,,,,,,,,,,,,,,,,,,,,,,,,,,,,,,,,,,,,,,,,,,,,,,,,,,,,,,,,,,,,,,,,,,"GORAKH PRASAD JAISWAL",Hindu,50,,,,"GANGA PRASAD KUSHWAHA",Hindu,50,,,,,,,,,,"MOTI LAL KUSHWAHA SHASTRI",Hindu,12,,,,,,,,,,,,,,,,,,,,,,,,,"RAM KISHOR YADAV ALIAS VIDHAYAK",Hindu,29,,,,,,,,,,,,,,,,,,,,,,,,,,,,,,,,,,,,,,,,,,,SARITA,Hindu,66,,,,,,,,,,,,,,,,,,,,,,,,,,,,,,,,,,,,,,,,,,,,,,,,,"JAGDISH KUMAR VERMA",Hindu,50,,,,,,,,,,"BALESHWAR YADAV",Hindu,16,,,,,,,,,,,,,,,,,,,,,,,,,,,,,,,,,,,,,,,,"SHRI PRAKASH MANI TRIPATHI",Hindu,16,"DHARMENDRA KUMAR",Hindu,5,,,,,,,,,
71,67,,,,,,,,,,"RAM PRAVESH PRASAD",Hindu,8,,,,,,,,,,,,,,,,,,,,,,"SHARADA DEVI",Hindu,11,,,,,,,,,,,,,,,,,,,"RAMA SHANKER",Hindu,6,,,,,,,,,,,,,,,,,,,,,,,,,,,,,,,,,,,,,,,,,,,,,,,,,,,,,,,,,,,,,,,,,,,,,,,,,,,,,,,,,,,,,,,,,,,,,,,,,,,,,,,,,,,,,"SHREE NATH JI",Hindu,35,,,,,,,,,,,,,,,,,,,,,,,,,,,,,,,,,,,,,,,,,,,RADHEYSHYAM,Unknown,0,,,,,,,,,,,,,CHANDRIKA,Hindu,66,,,,,,,,,,HARILAL,Hindu,66,,,,,,,,,,,,,,,,,,,,,,,,,,,,,,,,,,,,,,,,,,,,,,,,,,,,,,,,,,,,,,,,,,,,,,,,,,,,,,,"MAHA BEER PRASAD",Hindu,5,,,,,,,,,,,,,,,,,,,,,,,,,,,,,,,,,,,,,,,,"KAMLESH PASWAN",Hindu,83,,,,,,,,,,,,
72,68,,,,,,,,,,,,,,,,,,,,,,,,,,,,,,,,,,"DAROGA PRASAD SAROJ",Hindu,62,,,,,,,,,,,,,,,,,,,,,,,,,,,,,,,,,,,,,,,,,,,,,,,,,,,,,,,,,,,,,,,,,,,,,,,,,,,,,,,,,,,,,,,,,,,,,,,,,,,,,,,,,,,,,,,,,,,,,,,,,,,,,,,,,,"DR. BALIRAM",Unknown,0,,,,,,,,,,,,,,,,,,,,,,,,,,,,,,,,,,,,,,,,,,,"URMILA DEVI",Hindu,4,,,,,,,,,,,,,,,,,,,,,,,,,,,,,,,,,,,,,MANBHAWAN,Unknown,0,,,,,,,,,,,,,,,,,,,,,,,,,,,,,,,,,,,,,,,,,,,,,,,,,,,,,,,,,,,,,,,,,,,,,,,,,,,,,,,,,,,,,"HAREE PRASAD SONKER",Hindu,83,,,,,,,,,,,,,,,,,,,,,,"NEELAM SONKAR",Hindu,83,"RAM DAYAL ALIAS MOHAN",Hindu,11,,,,,,,,,
73,69,,,,,,,,,,,,,,,,,,,,,,"ARUN KUMAR SINGH",Hindu,50,,,,,,,,,,"DURGA PRASAD YADAV",Hindu,50,,,,,,,,,,,,,,,,,,,,,,,,,,,,,,,,,,,,,,,,,,,,,,,,,,,,,,,,,,,,,,,,,,,VINOD,Hindu,66,,,,,,,,,,,,,,,,,,,,,,,,,,,,,,,,,,,,,,,,,,,,,,,,,,,,,,,,,,,,,"AKBAR AHMAD DUMPY",Muslim,66,,,,,,,,,,,,,,,,,,,,,,,,,,,,,,,,,,,,,,,,,,,"USMANA FARUQEE",Unknown,0,,,,,,,,,,,,,,,,,,,,,,,,,"RAM BHAROS",Hindu,6,,,,,,,,,,,,,,,,,,,,,,,,,,,,,,,,,,,,,,,,,,,,,,,,,,,,,,,,,,,,,,,,,,,"JAI JAI RAM PRAJAPATI",Hindu,5,,,,,,,,,,"SANTOSH KUMAR SINGH",Hindu,50,,,,,,,,,,,,,,,,,,,,,,,,,,,,,,,,,,,,,,,,"RAMAKANT YADAV",Hindu,46,,,,,,,,,,,,
74,70,,,,,,,,,,,,,,,,,,,,,,,,,,,,,,,,,,"ARSHAD JAMAL ANSARI",Muslim,21,,,,,,,,,,,,,,,,,,,"KAILASH YADAV",Hindu,46,,,,,,,,,,,,,,,,,,,,,,,,,,,,,,,,,,,,,,,,,,,,,,AKHILESH,Hindu,66,,,,,,,,,,,,,,,,,,,,,,,,,,,,"LALJI RAJBHAR",Unknown,0,"RAM BADAN KAUL",Hindu,6,,,,,,,,,,,,,,,,,,,,,,,,,,,,"DARA SINGH CHAUHAN",Hindu,11,,,,,,,,,,,,,,,,,,,,,,,,,,,,,,,,,,,,,,,,,,,"ASHOK KUMAR",Hindu,46,,,,,,,,,,,,,"HARISH CHANDRA",Hindu,19,,,,,,,,,,,,,,,,,,,,,,,,,,,,,,,,,,,,,,,,,,,,,,,,,,,,,,,,,,,,,,,,,,,,,,,,,,,,,,,,,,,,,,,,,,,"SUDHA RAI",Hindu,16,,,,,,,,,,,,,,,,"ATUL KUMAR SINGH ANJAN",Hindu,60,,,,,,,,,,,,,,,,,,,,,,"RAM IQBAL",Hindu,4,"RAMESH ALIAS RAJU SINGH",Hindu,3,,,,,,,,,
75,71,,,,,,,,,,HARISHCHAND,Unknown,0,"RAMASHRAY CHAUHAN",Hindu,46,,,,,,,,,,,,,,,,,,,HARIKEWAL,Unknown,0,,,,,,,,,,,,,,,,,,,IZHAR,Muslim,66,,,,ZUBAIR,Muslim,66,,,,,,,,,,,,,,,,,,,"RAMNAWAMI YADAV",Hindu,16,,,,,,,,,,,,,,,,,,,RAMDAYAL,Unknown,0,,,,,,,,,,,,,,,,,,,,,,,,,,,,"JANG BAHADUR",Unknown,0,,,,,,,,,,,,,,,,,,,,,,,,,,,,,,,"RAMASHANKAR RAJBHAR",Unknown,0,,,,,,,,,,,,,,,,,,,,,,,,,,,,,,,,,,,,,,,,,,,VINDHACHAL,Unknown,0,,,,,,,,,,,,,,,,,,,,,,,,,,,,,,,,,,SRIRAM,Hindu,66,,,,,,,,,,,,,,,,,,,,,,,,,,,,,,,,,,,,,,,,,,,,,,,,,,,,,,,,,,,,,,,,,,,,,,"DR. BHOLA PANDEY",Hindu,16,,,,,,,,,,,,,,,,,,,,,,,,,RAMCHARAN,Unknown,0,,,,,,,,,,,,,,,,,,,,,,,,,,,
76,"",,,,,,,,,,,,,,,,,,,,,,,,,,,,,,,,,,,,,,,,,,,,,,,,,,,,,,,,,,,,,,,,,,,,,,,,,,,,,,,,,,,,,,,,,,,,,,,,,,,,,,,,,,,,,,,,,,,,,,,,,,,,,,,,,,,,,,,,,,,,,,,,,,,,,,,,,,,,,,,,,,,,,,,,,,,,,,,,,,,,,,,,,,,,,,,,,,,,,,,,,,,,,,,,,,,,,,,,,,,,,,,,,,,,,,,,,,,,,,,,,,,,,,,,,,,,,,,,,,,,,,,,,,,,,,,,,,,,,,,,,,,,,,,,,,,,,,,,,,,,,,,,,,,,,,,,,,,,,,,,,,,,,,,,,,,,,,,,,,,,,,,,,,,,,,,,,,,,,,,,,,,,,,,,,,,,,,,
77,71,,,,,,,,,,HARISHCHAND,Unknown,0,"RAMASHRAY CHAUHAN",Hindu,46,,,,,,,,,,,,,,,,,,,,,,,,,,,,,,,,,,,,,,,,IZHAR,Muslim,66,,,,ZUBAIR,Muslim,66,,,,,,,,,,,,,,,,,,,"RAMNAWAMI YADAV",Hindu,16,,,,,,,,,,,,,,,,,,,RAMDAYAL,Unknown,0,,,,,,,,,,,,,,,,,,,,,,,,,,,,"JANG BAHADUR",Unknown,0,,,,,,,,,,,,,,,,,,,,,,,,,,,,,,,,,,,,,,,,,,,,,,,,,,,,,,,,,,,,,,,,,,,,,,,,,,,,VINDHACHAL,Unknown,0,,,,,,,,,,,,,,,,,,,,,,,,,,,,,,,,,,SRIRAM,Hindu,66,,,,,,,,,,,,,,,,,,,,,,,,,,,,,,,,,,,,,,,,,,,,,,,,,,,,,,,,,,,,,,,,,,,,,,,,,,,,,,,,,,,,,,,,,,,,,,,,,RAMCHARAN,Unknown,0,,,,,,,,,,,,,,,,"FATE BAHADUR",Unknown,0,,,,,,,,,
78,72,,,,,,,,,,,,,,,,,,,,,,,,,,,,,,,"ARVIND KUMAR GOND",Hindu,66,"NEERAJ SHEKHAR",Hindu,62,,,,,,,,,,,,,,,,,,,,,,,,,,,,,,,,,,,,,,,,,,,,,,,,,,,,,,,,,,,,,,,,,,,RAJESH,Hindu,66,,,,,,,,,,,,,,,,,,,,,,,,,,,,"NARAYAN RAJBHAR",Hindu,83,,,,,,,,,,,,,,,,,,,,,,,,,,,,,,,"SANGRAM SINGH YADAV",Hindu,49,,,,,,,,,,,,,,,,"KANHAIYA PRAJAPATI",Hindu,46,,,,,,,,,,,,,,,,,,,,,,,,,DIWAKAR,Unknown,0,,,,,,,,,,,,,,,,,,,,,,,,,,,,,,,,,,,,,,,,,,,,,,,,,,,,,,,,,,,,,,,,,,,,,,,,,,,,,,,,,,,,,,,,,,,,,,,,,,,,,,,,,,,,,,,,,,,,,,,,,,,,,,,,,,,,,,,,,,,,,,,,,,,,"MANOJ SINHA",Hindu,46,RAMSAKAL,Unknown,0,,,,,,,,,
79,73,,,,,,,,,,"RAJESH S/O RAMYAGYA",Hindu,83,,,,,,,,,,,,,,,,"GEETA SINGH",Hindu,16,"GIRAJA SHANKAR YADAVA",Hindu,83,"PARAS NATH YADAVA",Hindu,83,,,,,,,,,,,,,,,,,,,,,,,,,"ACHHEYLAL NISHAD",Hindu,66,,,,,,,,,,,,,,,,,,,,,,RAMCHANDAR,Unknown,0,,,,,,,,,,"RAJESH S/O RAMESHCHANDRA",Hindu,83,,,,,,,,,,,,,,,,,,,,,,,,,,,,,,,,,,,,,,,,,,,,,,,,,,,,,,,,,,,,,,,,,,,"DHANANJAY SINGH",Hindu,46,,,,,,,,,,,,,RAJKISHUN,Unknown,0,,,,,,,"BAHADUR SONKAR",Unknown,0,,,,,,,,,,,,,,,,,,,"JAGDISH CHANDRA ASTHANA",Hindu,50,,,,,,,,,,,,,,,,,,,,,,,,,,,,,,,,,,,,,,,,,,,,,,,,,,,,,,,,,,,,,,,,,,,,,,,,,,,,,,,,,,"RAVI SHANKAR",Hindu,32,,,,,,,,,,,,,,,,,,,,,,,,,,,,,,,,,,,,,,,,,,,,,,,,,,,,,,,,,,,,,,,,SEEMA,Unknown,0,,,,"SHEETALA PRASAD",Hindu,16,,,,,,
80,74,,,,,,,,,,,,,,,,,,,,,,,,,,,,,,,"SHEOMURAT RAM",Hindu,5,"TUFANI SAROJ",Hindu,66,,,,,,,,,,,,,SUSHMA,Hindu,66,,,,,,,,,,,,,,,,,,,,,,,,,,,,,,,,,,,,,,,,,,,,,,"RAM CHARITRA",Hindu,29,,,,"KRISHNA SEWAK SONKER",Hindu,83,,,,,,,,,,,,,,,,,,,,,,,,,,,,,,,,,,,,,,,,,,,,,,,,,,,,,,,,,,,,,"KAMLA KANT GAUTAM (K.K. GAUTAM)",Hindu,41,,,,,,,,,,,,,"SUKHRAJ DINKAR",Hindu,21,,,,,,,,,,,,,,,,,,,,,,,,,,,,"DINESH KUMAR",Hindu,46,,,,,,,,,,,,,,,,,,,,,,,,,,,,,,,,,,,,,,,,,,,"VIJAYEE RAM",Hindu,5,,,,,,,,,,,,,,,,,,,,,,,,,,,,,,,,,,,,,,,,,,,,,,,,,,,,,,,,,,,,,"RAJ BAHADUR",Unknown,0,,,,,,,,,,,,,,,,,,,,,,,,,,,,,,,,,,,,,,,,"VIDYASAGAR SONKER",Unknown,0,,,,,,,,,,,,
81,75,,,,,,,,,,,,,,,,,,,,,,,,,,,,,,,,,,"RADHEY MOHAN SINGH",Hindu,21,,,,,,,,,,,,,,,,,,,,,,,,,,,,,,,,,,,,,,,,,,,,,,,,,"SHYAM NARAYAN",Hindu,62,,,,,,,,,,,,,,,,SURENDRA,Unknown,0,,,,,,,,,,,,,,,,,,,,,,,,,,,,,,,,,,,,,,,,,,,,,,,,,,,,,,,,,,,,,"AFZAL ANSARI",Muslim,46,,,,,,,,,,,,,,,,DINESH,Hindu,66,,,,,,,,,,,,,,,,,,,,,,,,,"BRAJENDRA NATH URF BIJENDRA",Hindu,83,,,,,,,,,,,,,,,,,,,,,,,,,,,,,,,,,,"ISHWARI PRASAD KUSHAWAHA",Hindu,66,,,,,,,NANDLAL,Hindu,66,,,,,,,,,,,,,,,,,,,"SATISH SHANKAR JAISAWAL",Hindu,66,,,,,,,,,,,,,,,,,,,,,,,,,,,,,,,,,,SARAJU,Unknown,0,,,,,,,,,,,,,,,,,,,,,,"SURAJ RAM BAGI",Hindu,22,,,,,,,,,,,,,,,,,,,,,,PRABHUNATH,Unknown,0,,,,,,,,,,,,
82,76,,,,,,,,,,,,,,,,,,,,,,,,,CHANDRASHEKHAR,Hindu,40,,,,,,,RAMKISHUN,Unknown,0,,,,,,,,,,,,,,,,,,,,,,,,,,,,,,,,,,,,,,,,,,,,,,,,,,,,,,,,,,,,,,,,JOKHU,Unknown,0,,,,,,,,,,,,,,,,,,,,,,,,,,,,,,,,,,,,,,,,,,,,,,,,,"RAMAWATAR SHARMA ADVOCATE",Unknown,0,,,,,,,,,,,,,"KAILASH NATH SINGH YADAV",Hindu,52,,,,,,,,,,,,,,,,,,,,,,LALLAN,Unknown,0,"SURENDRA PRATAP",Hindu,19,,,,"RAMSEWAK YADAV",Hindu,16,,,,,,,,,,DEVAROO,Unknown,0,,,,,,,,,,,,,,,,,,,,,,,,,,,,,,,,,,,,,RAJNATH,Hindu,66,,,,,,,,,,,,,,,,,,,,,,,,,,,,,,,,,,,,,,,,,,,,,,,,,,,,,,,,,,,,,,,,,,,"SHAILENDRA KUMAR",Hindu,46,,,,,,,,,,,,,,,,,,,,,,JAWAHIR,Muslim,66,,,,"RAJESH SINGH",Hindu,46,,,,,,,,,,"JAWAHAR LAL JAISAWAL",Hindu,15,TULASI,Hindu,66,,,,,,,,,
83,77,,,,,,,,,,,,,,,,,,,,,,,,,,,,,,,,,,"AJAY RAI",Hindu,46,,,,,,,,,,,,,"USHA SINGH",Hindu,46,,,,,,,,,,,,,,,,,,,,,,,,,,,,,,,,,,,,,,,,,,,,,,"VIJAY PRAKASH JAISWAL",Hindu,21,,,,,,,,,,,,,,,,,,,,,,,,,,,,,,,,,,,,,,,,,,,,,,,,,,,,"ER. SHYAM LAL VISHWAKARMA",Hindu,24,,,,,,,,,,,,,"MUKHTAR ANSARI",Muslim,46,,,,,,,,,,,,,,,,"AWADHESH KUMAR KUSHWAHA",Hindu,46,,,,"KISHUN LAL",Hindu,16,,,,,,,,,,,,,,,,,,,"PARVEZ QUADIR KHAN",Parsi,33,,,,,,,,,,,,,,,,,,,,,,,,,,,,,,,,,,,,,,,,,,,,,,,,,,,,,,,,,,,,,,,,,,,,,,,,,,,,,,,,,,,,,,,,,,,,,,,,,,,,,,,,,,"DR. RAJESH KUMAR MISHRA",Hindu,50,,,,,,,,,,,,,,,,,,,,,,,,,,,,,,,,,,,,,,,,"DR. MURLI MANOHAR JOSHI",Hindu,50,,,,,,,,,,,,
84,78,,,,,,,NANDLAL,Hindu,66,,,,,,,,,,,,,,,,,,,"THAKUR SANTOSH KUMAR",Hindu,21,,,,"CHHOTELAL BIND",Unknown,0,,,,,,,,,,,,,,,,,,,,,,,,,,,,,,,,,,,,,,,,,,,,,,,,,,,,,,,,,,,,,"RAMRATEE BIND",Unknown,0,,,,,,,,,,,,,,,,,,,,,,,,,,,,,,,,,,,,,,,,,,,,,,,,,,,,,,,,,,,,,,,,,,,GORAKHNATH,Hindu,66,,,,,,,,,,,,,,,,,,,,,,,,,,,,,,,,,,,,,,,,,,,JEETENDRA,Unknown,0,,,,,,,,,,,,,,,,,,,,,,,,,,,,,,,,,,,,,,,,,,,,,,,,,,,,,,,,,,,,,"DR. AKHILESH KUMAR DWIVEDI",Hindu,50,,,,,,,,,,,,,,,,,,,,,,,,,,,,,,,,,,,,,,,,,,,"SURYMANI TIWARI",Hindu,16,,,,,,,,,,,,,,,,,,,,,,SHAHID,Muslim,6,,,,,,,,,,,,,,,,"DR. MAHENDRA NATH PANDEY",Hindu,46,,,,,,,,,,"JAJ LAL",Hindu,16
85,79,,,,,,,"LALTI DEVI",Hindu,3,"SHYAM LAL",Hindu,46,,,,"MOHD. SAGIR",Unknown,0,,,,,,,,,,,,,KHELADI,Unknown,0,"BAL KUMAR PATEL",Hindu,46,,,,,,,,,,,,,LALJI,Unknown,0,,,,,,,,,,,,,,,,,,,,,,,,,,,,,,,,,,,,,,,,,,,,,,JAGDISH,Hindu,66,,,,,,,,,,,,,,,,,,,,,,,,,,,,,,,,,,,,,KAILASH,Hindu,66,,,,,,,,,,,,,,,,,,,,,,,,,,,,"ANIL KUMAR MAURYA",Hindu,33,,,,,,,,,,,,,,,,,,,,,,"TRILOK NATH VERMA",Hindu,46,,,,,,,,,,,,,,,,,,,DANGAR,Unknown,0,,,,,,,,,,,,,,,,,,,,,,"AJAY SHANKER",Hindu,83,,,,,,,,,,SHANKAR,Hindu,66,"RADHE SHYAM",Hindu,66,,,,,,,,,,,,,,,,,,,,,,,,,,,,,,,,,,,,,,,,,,,,,,,,,,,,,,,,,,,,,,,,,,,"RAMESH DUBEY",Hindu,5,,,,,,,,,,,,,,,,,,,,,,"PREM CHAND",Hindu,5,,,,,,,,,,,,,,,,"ANURAG SINGH",Hindu,46,,,,,,,,,,,,
86,80,,,,,,,,,,,,,,,,,,,,,,,,,,,,,,,,,,"PAKAURI LAL",Hindu,16,,,,,,,,,,,,,,,,,,,,,,,,,,,,,,,,,,,,,,,,,,,,,,,,,,,,,,,,,,,,,"RAMESH KUMAR",Hindu,5,GULAB,Unknown,0,"CHANDRA SHEKHAR",Hindu,62,,,,,,,,,,,,,,,,,,,,,,,,,,,,,,,,,,,,,,,,,,,,,,,,,,,,,,,,,,,,,"RAM CHANDRA TYAGI",Hindu,22,,,,,,,,,,,,,,,,"MUNNI DEVI",Hindu,3,,,,,,,,,,,,,,,,,,,,,,,,,RAMBRIKSHA,Unknown,0,,,,,,,,,,,,,,,,,,,,,,,,,,,,"SHRAWAN KUMAR",Hindu,16,,,,,,,,,,,,,,,,,,,,,,,,,,,,,,,,,,,,,,,,,,,,,,,,,,,,,,,,,,,,,,,,,,,,,,,,,,,,"RAM ADHAR JOSEPH",Unknown,0,,,,,,,,,,,,,,,,,,,,,,,,,,,,,,,,,,,,,,,,"RAM SHAKAL",Hindu,6,,,,,,,,,,,,
