Cand_Code,Cand_Name,Party_code,likely_religion,likely_religion_certainty
S06PC01CA01,CHAVDA VINOD LAKHAMASHI,N0002,Hindu,83
S06PC01CA02,DR. DINESH PARMAR,N0005,Hindu,83
S06PC01CA03,KAMALBHAI MATANG,N0001,Unknown,0
S06PC01CA04,HIRJI PUNJABHAI SIJU,U0201,Parsi,83
S06PC01CA05,None of the Above,N0000,Unknown,0
S06PC01CA06,DANICHA GOVINDBHAI PUNAMCHAND,S0001,Unknown,0
S06PC02CA01,CHAUDHARY HARIBHAI PARTHIBHAI,N0002,Unknown,0
S06PC02CA02,PATEL JOITABHAI KASNABHAI,N0005,Unknown,0
S06PC02CA03,None of the Above,N0000,Unknown,0
S06PC02CA04,MAHANT PARSOTAMGIRI TURANTGIRI,N0001,Hindu,83
S06PC02CA05,BABAJI THAKOR,N1001,Unknown,0
S06PC02CA06,SOLANKI SAYBABHAI NANABHAI,N1001,Parsi,66
S06PC02CA07,SANJAYKUMAR SOMNATHBHAI RAVAL,S0001,Hindu,16
S06PC02CA08,SOLANKI DINESHKUMAR ALJIBHAI,N1001,Unknown,0
S06PC02CA09,MAHENDRABHAI KESARABHAI BUMBADIA,N1001,Unknown,0
S06PC02CA10,SHRIMALI ASHOKBHAI BALCHNDBHAI,N1001,Unknown,0
S06PC02CA11,DABHI NAVAJIBHAI MADHABHAI,N1001,Unknown,0
S06PC02CA12,MADHU NIRUPABEN NATVARLAL,N1001,Hindu,83
S06PC02CA13,CHOUDHARY ADAMBHAI NASIRBHAI,S0040,Unknown,0
S06PC02CA14,THAKOR BHUPATAJI RAVAJI,N1001,Unknown,0
S06PC02CA15,GAMAR VADHABHAI RADHABHAI,N1001,Unknown,0
S06PC03CA01,LILADHARBHAI KHODAJI VAGHELA,N0002,Unknown,0
S06PC03CA02,RATHOD BHAVSINHBHAI DAHYABHAI,N0005,Unknown,0
S06PC03CA03,None of the Above,N0000,Unknown,0
S06PC03CA04,PARMAR MAGANBHAI AMARABHAI,N0001,Unknown,0
S06PC03CA05,VAGHDA JIVABHAI DEVABHAI,N1001,Unknown,0
S06PC03CA06,GOVINDJI OKHAJI THAKOR,S0021,Unknown,0
S06PC03CA07,MOLAPIYA ABDULKUDUS ABDULMAJID,N1001,Unknown,0
S06PC03CA08,JAKASIJI JOGAJI THAKOR,U0201,Unknown,0
S06PC03CA09,BHORANIYA SOYABBHAI HASAMBHAI,N1001,Unknown,0
S06PC03CA10,CHHAGANBHAI NARANBHAI PRAJAPATI,N1001,Hindu,16
S06PC03CA11,JAGRALA IMRAN MAHEMUD,N1001,Muslim,83
S06PC03CA12,BABUBHAI KARSHANBHAI RABARI,S0040,Unknown,0
S06PC03CA13,IMRANKHAN MAHMADKHAN NAGORI,N1001,Unknown,0
S06PC03CA14,DESAI ISHWARBHAI MAHADEVBHAI,N1001,Unknown,0
S06PC03CA15,PARMAR BHAICHANDBHAI SOMABHAI,U1315,Unknown,0
S06PC04CA01,PATEL JAYSHREEBEN KANUBHAI,N0002,Unknown,0
S06PC04CA02,PATEL JIVABHAI AMBALAL,N0005,Unknown,0
S06PC04CA03,None of the Above,N0000,Unknown,0
S06PC04CA04,THAKOR KEVALJI NATHAJI,N0001,Unknown,0
S06PC04CA05,MAHMAD AZAM HAIDERKHAN PATHAN,N1001,Muslim,19
S06PC04CA06,PRAJAPATI VITTHALBHAI VIRDAS,N1001,Hindu,83
S06PC04CA07,GIRISHJI JENAJI DABHI,U0312,Unknown,0
S06PC04CA08,SMT VANDANABEN DINESHKUMAR PATEL,S0001,Hindu,16
S06PC04CA09,THAKOR SAMARATJI BALVANTSINH,N1001,Unknown,0
S06PC04CA10,THAKOR BABUJI DHANAJI,N1001,Unknown,0
S06PC04CA11,THAKOR BALDEVJI MAGANJI,N1001,Unknown,0
S06PC04CA12,ZALA INDRAJITSINH MAHENDRASINH,S0040,Unknown,0
S06PC04CA13,THAKOR MANSANGJI PUNJAJI,U0201,Unknown,0
S06PC04CA14,CHAUDHARY DINESHBHAI SALUBHAI,U1565,Unknown,0
S06PC04CA15,PATEL DILIPBHAI SOMABHAI,U0584,Unknown,0
S06PC05CA01,RATHOD DIPSINH SHANKARSINH,N0002,Unknown,0
S06PC05CA02,SHANKERSINH VAGHELA BAPU,N0005,Unknown,0
S06PC05CA03,None of the Above,N0000,Unknown,0
S06PC05CA04,BHAMBHI CHANDUBHAI MULCHANDBHAI,N0001,Unknown,0
S06PC05CA05,SOLANKI CHHAGANBHAI KEVALABHAI,N1001,Unknown,0
S06PC05CA06,PATEL BHOGILAL HARIBHAI,U0312,Unknown,0
S06PC05CA07,VELANI SHANTILAL KARAMSHI,N1001,Unknown,0
S06PC05CA08,BALUSINGH SOMANSINGH NARVE,N1001,Unknown,0
S06PC05CA09,SHEKH ARIF KHAN,S0040,Muslim,46
S06PC05CA10,PATEL PURUSOTTAMBHAI AMBALAL,N1001,Unknown,0
S06PC05CA11,PATEL ISHWARBHAI SAKRAJI,N1001,Unknown,0
S06PC06CA01,L. K. ADVANI,N0002,Unknown,0
S06PC06CA02,KIRITBHAI ISHVARBHAI PATEL,N0005,Hindu,16
S06PC06CA03,RITURAJ MEHTA,S0001,Hindu,46
S06PC06CA04,None of the Above,N0000,Unknown,0
S06PC06CA05,RAHUL CHIMANBHAI MEHTA,N1001,Hindu,46
S06PC06CA06,VAGHELA KISHORSINH MAHOBATSINH,N1001,Unknown,0
S06PC06CA07,NIRANJAN GHOSH,N0001,Hindu,46
S06PC06CA08,M. K. SHAH,N1001,Hindu,16
S06PC06CA09,RAJ PRAJAPATI,N1001,Hindu,5
S06PC06CA10,AJMALBHAI RAMABHAI VANIYA,U0201,Unknown,0
S06PC06CA11,BRAHMBHATT SANJAYBHAI AMARKUMAR,N1001,Unknown,0
S06PC06CA12,BIRJUSINH MOTISINH KSHATRIYA,N1001,Unknown,0
S06PC06CA13,PAGI GANPATBHAI MAVJIBHAI,N1001,Unknown,0
S06PC06CA14,THAKOR RAVAJI JUHAJI,U1565,Unknown,0
S06PC06CA15,DESAI KHODABHAI LALJIBHAI,N1001,Unknown,0
S06PC06CA16,DIPIKABEN SUTARIYA,N1001,Unknown,0
S06PC06CA17,MANOJ J. NAYAK,U0836,Hindu,46
S06PC06CA18,THAKOR CHANDRASINH JAVANSINH,N1001,Unknown,0
S06PC06CA19,PATEL PIYUSHKUMAR DASHRATHLAL,U0967,Unknown,0
S06PC07CA01,PARESH RAWAL,N0002,Hindu,46
S06PC07CA02,PATEL HIMMATSINGH PRAHLADSINGH,N0005,Unknown,0
S06PC07CA03,None of the Above,N0000,Unknown,0
S06PC07CA04,DINESH VAGHELA,S0001,Hindu,83
S06PC07CA05,ROHIT RAJUBHAI VIRJIBHAI ALIAS MANOJBHAI SONTARIYA,N0001,Hindu,83
S06PC07CA06,ROSHAN PRIYAVADAN SHAH,N1001,Hindu,6
S06PC07CA07,DASHRATHBHAI M. DEVDA,N1001,Unknown,0
S06PC07CA08,ANILKUMAR SHARMA,N1001,Hindu,46
S06PC07CA09,ATIKBHAI MEV,N1001,Unknown,0
S06PC07CA10,ADITYA RAVAL,U1565,Hindu,46
S06PC07CA11,KHALIFA SAMSUDDIN NASIRUDDIN (JUGNU),U0046,Muslim,90
S06PC07CA12,NARANBHAI T. SENGAL (DR. N. T. SENGAL),U0214,Unknown,0
S06PC07CA13,VIJAYKUMAR M. VADHEL,U0593,Unknown,0
S06PC07CA14,BUDDHPRIYA JASVANT SOMABHAI,U1071,Unknown,0
S06PC07CA15,DUTT AAKASH -. ADVOCATE,S0021,Hindu,7
S06PC08CA01,DR. KIRIT P. SOLANKI,N0002,Hindu,46
S06PC08CA02,ISHWARBAHI DHANABHAI MAKWANA,N0005,Unknown,0
S06PC08CA03,J. J. MEVADA,S0001,Unknown,0
S06PC08CA04,None of the Above,N0000,Unknown,0
S06PC08CA05,CHAVDA MANSUKHBHAI NAGARBHAI,N0001,Unknown,0
S06PC08CA06,SOLANKI VITTHALBHAI MAGANBHAI,N1001,Unknown,0
S06PC08CA07,DR J. G. PARMAR,U0201,Unknown,0
S06PC08CA08,NARENDRA SANKHALIYA,U0837,Hindu,83
S06PC08CA09,SOLANKI RAMESHBHAI DANABHAI,N1001,Unknown,0
S06PC08CA10,AMRUT SONARA,U0214,Unknown,0
S06PC08CA11,AAYAR MULJIBHAI KHANABHAI,N1001,Unknown,0
S06PC08CA12,PARMAR HARJIVANBHAI KALABHAI,N1001,Unknown,0
S06PC09CA01,FATEPARA DEVAJIBHAI GOVINDBHAI,N0002,Unknown,0
S06PC09CA02,KOLI PATEL SOMABHAI GANDALAL,N0005,Unknown,0
S06PC09CA03,SAPARA VIPULBHAI RAMESHBHAI,N1001,Unknown,0
S06PC09CA04,JETHABHAI MANJIBHAI PATEL,S0001,Hindu,16
S06PC09CA05,SANKALIYA GANGARAMBHAI TAPUBHAI,N1001,Unknown,0
S06PC09CA06,None of the Above,N0000,Unknown,0
S06PC09CA07,PARMAR MINAXIBEN VIJAYBHAI,N0001,Unknown,0
S06PC09CA08,VAGHELA PRAKASHBHAI BACHUBHAI,N1001,Unknown,0
S06PC09CA09,VORA BHAVANBHAI DEVAJIBHAI,N1001,Unknown,0
S06PC09CA10,VADALIYA KALUBHAI MALUBHAI,N1001,Unknown,0
S06PC09CA11,PARMAR PRABHUBHAI GOKALBHAI,N1001,Unknown,0
S06PC09CA12,BAR AJAMALBHAI KARMANBHAI,U0201,Unknown,0
S06PC09CA13,MANSINH SHIVUBHA ZALA,N1001,Unknown,0
S06PC09CA14,PARMAR VASHARAMBHAI BAVALBHAI,N1001,Unknown,0
S06PC09CA15,MAKWANA VASHARAMBHAI KARSHANBHAI,N1001,Unknown,0
S06PC09CA16,MAJETHIYA SAMARATBHAI JERAMBHAI,U0584,Unknown,0
S06PC09CA17,CHAVDA PALABHAI NANJIBHAI,N1001,Unknown,0
S06PC09CA18,MAKWANA UKABHAI AMRABHAI,N1001,Unknown,0
S06PC10CA01,KUNDARIYA MOHANBHAI KALYANJIBHAI,N0002,Unknown,0
S06PC10CA02,KUNVARJIBHAI MOHANBHAI BAVALIYA,N0005,Unknown,0
S06PC10CA03,None of the Above,N0000,Unknown,0
S06PC10CA04,JIVANBHAI DEVAJIBHAI PARMAR,N0001,Unknown,0
S06PC10CA05,ANKUR AMRUTKUMAR DHAMELIYA(PATEL),S0001,Unknown,0
S06PC10CA06,VINODBHAI PRAGJIBHAI NAGANI,N1001,Unknown,0
S06PC10CA07,BASIRBHAI SULEMANBHAI SAMA,N1001,Unknown,0
S06PC10CA08,ANIRUDDHSINH JUVANSINH ZALA,N1001,Unknown,0
S06PC10CA09,PRAVINCHANDRA CHUNILAL PAREKH,N1001,Unknown,0
S06PC10CA10,POPATBHAI DEVAJIBHAI CHAVDA (BHUVA),N1001,Unknown,0
S06PC10CA11,ROHITBHAI MOHANBHAI SAGATHIYA,U0201,Unknown,0
S06PC10CA12,NARENDRABHAI MAHAJAN,N1001,Unknown,0
S06PC10CA13,PATHAN BISMILLAKHAN ABDULKHAN (BABAKHAN PATHAN),N1001,Unknown,0
S06PC10CA14,JITENDRA BHURABHAI CHAUHAN,U1317,Hindu,46
S06PC10CA15,DENGADA PRAVINBHAI MEGHAJIBHAI,U1316,Unknown,0
S06PC10CA16,RAJESHBHAI LAVJIBHAI PIPALVA,U0836,Unknown,0
S06PC11CA01,RADADIYA VITHALBHAI HANSRAJBHAI,N0002,Unknown,0
S06PC11CA02,JADEJA KANDHALBHAI SARMANBHAI,N0006,Unknown,0
S06PC11CA03,None of the Above,N0000,Unknown,0
S06PC11CA04,SADIYA VRAJALAL PABABHAI,N0001,Hindu,83
S06PC11CA05,MANSUKH SUNDARAJI DHOKAI,S0001,Unknown,0
S06PC11CA06,VAKIL VINZUDA RANJITBHAI NARANBHAI,N1001,Unknown,0
S06PC11CA07,IRFANSHAH HABIBSHAH SUHARAVARDI,S0040,Unknown,0
S06PC11CA08,RATHOD CHANDULAL MOHANLAL,N1001,Unknown,0
S06PC11CA09,PATEL BUTANI RAJESHBHAI MAGANBHAI,N1001,Unknown,0
S06PC11CA10,KHUNTI BHARATBHAI MALDEBHAI,N1001,Unknown,0
S06PC11CA11,TUKADIA G. R.,N1001,Unknown,0
S06PC11CA12,AGHERA DHIRAJLAL BHURABHAI,N1001,Unknown,0
S06PC11CA13,UNADAKAT PRAKASH VALLABHADAS,N1001,Unknown,0
S06PC11CA14,KHOKHANI LALITABEN MANSUKHBHAI,N1001,Unknown,0
S06PC11CA15,JOSHI HARISH LILADHAR,N1001,Hindu,28
S06PC12CA01,POONAMBEN HEMATBHAI MAADAM,N0002,Unknown,0
S06PC12CA02,AHIR VIKRAMBHAI ARJANBHAI MADAM,N0005,Unknown,0
S06PC12CA03,MAMAD HAJI BOLIM,N1001,Unknown,0
S06PC12CA04,SAMA YUSUF,N0001,Muslim,66
S06PC12CA05,None of the Above,N0000,Unknown,0
S06PC12CA06,MEMAN RAFIK ABUBAKAR POPATPUTRA,N1001,Unknown,0
S06PC12CA07,JHALA RAJENDRASINH,S0001,Unknown,0
S06PC12CA08,VAGHER ALI ISHAK PALANI,N1001,Hindu,17
S06PC12CA09,BATHWAR NANJIBHAI,N1001,Unknown,0
S06PC12CA10,NARIYA PRAVINBHAI VALLABHBHAI,N1001,Unknown,0
S06PC12CA11,PANDYA CHIRAGBHAI HARIOMBHAI,N1001,Hindu,83
S06PC12CA12,SANDHI MAMADBHAI HAJIBHAI SAFIA,N1001,Muslim,9
S06PC12CA13,KASAMBHAI,U1219,Unknown,0
S06PC12CA14,VAGHER JAVIDBHAI OSMANBHAI NOLE,N1001,Unknown,0
S06PC12CA15,PADHIYAR LALJIBHAI KARABHAI,N1001,Unknown,0
S06PC12CA16,DHARAVIYA VALLABHBHAI,N1001,Unknown,0
S06PC12CA17,SAIYAD ABUBAKAR IBRAHIM,S0040,Muslim,16
S06PC12CA18,SODHA SALIMBHAI NURMAMADBHAI,N1001,Unknown,0
S06PC12CA19,CHANDRAVIJAYSINH TAKHUBHA RANA,N1001,Hindu,16
S06PC12CA20,SACHADA HABIB ISHABHAI,N1001,Muslim,83
S06PC12CA21,VANIYA GANGAJIBHAI,N1001,Unknown,0
S06PC12CA22,DHANJIBHAI LALJIBHAI RANEVADIA,N1001,Parsi,83
S06PC12CA23,SUMARA AMANDBHAI NOORMAMADBHAI SUMARA,N1001,Unknown,0
S06PC12CA24,DALIT ASHOK NATHABHAI CHAVDA,N1001,Hindu,83
S06PC12CA25,DALIT JITESH BABUBHAI RATHORE,N1001,Jain,33
S06PC12CA26,SUTHAR HANSABEN HARSUKHBHAI GORECHA,N1001,Hindu,90
S06PC13CA01,CHUDASAMA RAJESHBHAI NARANBHAI,N0002,Unknown,0
S06PC13CA02,PUNJABHAI BHIMABHAI VANSH,N0005,Hindu,66
S06PC13CA03,None of the Above,N0000,Unknown,0
S06PC13CA04,ATUL GOVINDBHAI SHEKHADA,S0001,Hindu,83
S06PC13CA05,HARILAL RANCHHODBHAI CHAUHAN,N1001,Hindu,46
S06PC13CA06,SAIYED ALTAF HUSAIN ABDULLAH MIYAN,N1001,Muslim,63
S06PC13CA07,SOLANKI HARIBHAI BOGHABHAI,U0201,Unknown,0
S06PC13CA08,KADRI IBRAHIM SAIYED HUSEN,S0040,Muslim,7
S06PC13CA09,GADHIYA SOYEB HUSHENBHAI,N1001,Unknown,0
S06PC14CA01,KACHHADIYA NARANBHAI BHIKHABHAI,N0002,Unknown,0
S06PC14CA02,THUMMAR VIRJIBHAI KESHAVBHAI (VIRJIBHAI THUMMAR),N0005,Unknown,0
S06PC14CA03,None of the Above,N0000,Unknown,0
S06PC14CA04,SUKHADIYA NATHALAL VALLABHBHAI,S0001,Unknown,0
S06PC14CA05,CHAVADA MANUBHAI PARSHOTTMBHAI,S0021,Unknown,0
S06PC14CA06,RAMANI SURESHBHAI DHIRUBHAI,N1001,Hindu,19
S06PC14CA07,VALODARA VRAJLAL JIVABHAI,N1001,Unknown,0
S06PC14CA08,DAFADA RAMJIBHAI NANJIBHAI,N0001,Unknown,0
S06PC14CA09,NATHABHAI DAYABHAI TOTA,N1001,Unknown,0
S06PC14CA10,MEHULBHAI HIMATBHAI SUKHADIA,N1001,Unknown,0
S06PC14CA11,USMANBHAI P. MAGHARA,N1001,Unknown,0
S06PC14CA12,DHIMECHA NARESHBHAI NANJIBHAI,N1001,Unknown,0
S06PC14CA13,SANGANI VIJAYBHAI DINESHBHAI,U1589,Unknown,0
S06PC14CA14,RATHOD JIVANBHAI R.,U1316,Unknown,0
S06PC14CA15,JADAV MUSTAKBHAI,N1001,Unknown,0
S06PC15CA01,DR. BHARATIBEN DHIRUBHAI SHIYAL,N0002,Unknown,0
S06PC15CA02,RATHOD PRAVINBHAI JINABHAI,N0005,Unknown,0
S06PC15CA03,DR. KANUBHAI V. KALSARIA,S0001,Unknown,0
S06PC15CA04,None of the Above,N0000,Unknown,0
S06PC15CA05,GITA CHETAN PAUNDA (ADVOCATE GITABA JADEJA),N0001,Hindu,15
S06PC15CA06,VAGHELA NARENDRABHAI SHAVJIBHAI,N1001,Unknown,0
S06PC15CA07,VEGAD NATHABHAI (VEGADBHAI PRAGNACHAKSHU CANDIDATE),N1001,Unknown,0
S06PC15CA08,BHAVES GHANSHYAMBHAI RAJYAGURU,N1001,Unknown,0
S06PC15CA09,RATHOD PRAVINSINH CHANDRASINH,N1001,Unknown,0
S06PC15CA10,KAGADA RAMESHBHAI PUNABHAI,N1001,Unknown,0
S06PC15CA11,RASIDKHAN HASANKHAN PATHAN,N1001,Unknown,0
S06PC15CA12,GOHIL PRAVINSINH DHIRUBHA,N1001,Unknown,0
S06PC15CA13,MARU MANHAR VALAJIBHAI,N1001,Unknown,0
S06PC15CA14,MEHTA YASHVANTRAY ODHAVJIBHAI,N1001,Unknown,0
S06PC15CA15,GOHEL BHARATBHAI BHIMABHAI,N1001,Unknown,0
S06PC15CA16,JAGADISHBHAI AMARABHAI VEGAD,N1001,Unknown,0
S06PC15CA17,KHADRANI ASIMBHAI PIRBHAI,N1001,Unknown,0
S06PC16CA01,DILIP PATEL,N0002,Hindu,46
S06PC16CA02,SOLANKI BHARATBHAI MADHAVSINH,N0005,Unknown,0
S06PC16CA03,None of the Above,N0000,Unknown,0
S06PC16CA04,VAHORA FIROJBHAI WALIMAHAMADBHAI (KASORWALA),N1001,Unknown,0
S06PC16CA05,PURSOTTAMBHAI ALIAS KANUBHAI MATHURBHAI CHAUHAN,N0001,Hindu,16
S06PC16CA06,VAGHELA BHARAT P.,N1001,Unknown,0
S06PC16CA07,GIRISHBHAI DAS (ADVOCATE),U0201,Hindu,83
S06PC16CA08,RABARI HITESHKUMAR LALJIBHAI,N1001,Unknown,0
S06PC16CA09,RAVJIBHAI S. PARMAR,S0001,Unknown,0
S06PC16CA10,MAHIDA MAHENDRASINH SAHEBSINH,S0040,Unknown,0
S06PC16CA11,PATEL DILIPBHAI MANILAL,N1001,Unknown,0
S06PC16CA12,PATEL JAYESHBHAI ARVINDBHAI,N1001,Unknown,0
S06PC16CA13,PARMAR AMARSINH DAHYABHAI,N1001,Unknown,0
S06PC16CA14,HITENDRASINH MOHANSINH PARMAR,U0312,Unknown,0
S06PC16CA15,PATEL NAINESHKUMAR UMEDBHAI,N1001,Unknown,0
S06PC16CA16,PADHIYAR VIKRAMSINH (VAKIL),U1264,Unknown,0
S06PC17CA01,CHAUHAN DEVUSINH JESINGBHAI,N0002,Unknown,0
S06PC17CA02,DINSHA PATEL,N0005,Parsi,33
S06PC17CA03,None of the Above,N0000,Unknown,0
S06PC17CA04,ROSHAN PRIYAVADAN SHAH,N1001,Hindu,6
S06PC17CA05,PANDAV BHAILALBHAI KALUBHAI,N0001,Unknown,0
S06PC17CA06,BADHIWALA LABHUBHAI JIVRAJBHAI,S0001,Unknown,0
S06PC17CA07,RATANSINH UDESINH CHAUHAN,N1001,Hindu,16
S06PC17CA08,MALEK SABIRHUSEN ISMAELBHAI,N1001,Muslim,90
S06PC17CA09,CHAUHAN DEVUSING MOTISHING,N1001,Unknown,0
S06PC17CA10,MALEK SADIK HUSHEN MAHAMMD HUSHEN,N1001,Muslim,68
S06PC17CA11,ABDUL RAZAKKHAN PATHAN,U0173,Muslim,83
S06PC17CA12,MALEK YAKUBMIYA NABIMIYA,N1001,Muslim,90
S06PC17CA13,RANVEER PRANAYRAJ GOVINDBHAI,U0201,Unknown,0
S06PC17CA14,KHRISTI ADWARD KHUSHALBHAI,N1001,Unknown,0
S06PC17CA15,PARIKH VIRAL HASMUKHBHAI,N1001,Hindu,83
S06PC17CA16,PATHAN AMANULLAKHA SITABKHA,N1001,Unknown,0
S06PC18CA01,CHAUHAN PRABHATSINH PRATAPSINH,N0002,Unknown,0
S06PC18CA02,RAMSINH PARMAR,N0005,Unknown,0
S06PC18CA03,None of the Above,N0000,Unknown,0
S06PC18CA04,GIRI RAMCHANDRA VAIJNATH,N0001,Hindu,60
S06PC18CA05,VANKAR MANILAL BHANABHAI,N1001,Unknown,0
S06PC18CA06,MANSURI MUKHATYAR MOHAMMAD (PANTER M. LALA),N1001,Muslim,83
S06PC18CA07,PIYUSHKUMAR DILIPBHAI PARMAR,S0001,Unknown,0
S06PC18CA08,PATEL PANKAJBHAI RAVJIBHAI,N1001,Unknown,0
S06PC18CA09,CHAVADA HARISHCHANDRASINH PRABHATSINH,N1001,Unknown,0
S06PC18CA10,S. N. CHAVADA (CHAVADA VAKIL),N1001,Unknown,0
S06PC18CA11,SHAIKH KALIM ABDULLATIF,S0040,Christian,3
S06PC18CA12,GORA SHOEB MOHMADHANIF,N1001,Muslim,83
S06PC18CA13,SHAIKH MAJITMIYA JIVAMIYA,S0021,Christian,90
S06PC19CA01,JASVANTSINH SUMANBHAI BHABHOR,N0002,Unknown,0
S06PC19CA02,TAVIYAD DR. PRABHABEN KISHORSINH,N0005,Unknown,0
S06PC19CA03,None of the Above,N0000,Unknown,0
S06PC19CA04,KATARA SINGAJIBHAI JALJIBHAI,N0004,Unknown,0
S06PC19CA05,BHURA NAVALABHAI MANABHAI,N1001,Unknown,0
S06PC19CA06,BAMANIYA JYOTISHKUMAR BAPUBHAI,N0001,Unknown,0
S06PC19CA07,KUMARI INDUBEN NATHUBHAI SANGADA,N1001,Unknown,0
S06PC19CA08,MEDA JAGDISHBHAI MANILAL,U0312,Unknown,0
S06PC19CA09,K. C. MUNIA ADVOCATE,S0001,Unknown,0
S06PC19CA10,BHABHOR MAVJIBHAI TITUBHAI,S0040,Unknown,0
S06PC19CA11,RAMSINGBHAI NANJIBHAI KALARA,S0021,Unknown,0
S06PC20CA01,NARENDRA MODI,N0002,Hindu,46
S06PC20CA02,MISTRI MADHUSUDAN DEVRAM,N0005,Unknown,0
S06PC20CA03,None of the Above,N0000,Unknown,0
S06PC20CA04,SUNIL DIGAMBAR KULKARNI,S0001,Hindu,22
S06PC20CA05,ROHIT MADHUSUDAN MOHANBHAI,N0001,Hindu,83
S06PC20CA06,TAPAN DASGUPTA,U1435,Unknown,0
S06PC20CA07,PATHAN SAHEBKHAN ASIFKHAN,S0040,Unknown,0
S06PC20CA08,JADAV AMBALAL KANABHAI,S0021,Unknown,0
S06PC20CA09,PATHAN MAHEMUDKHAN RAZAKKHAN,U0173,Unknown,0
S06PC21CA01,RAMSINH RATHWA,N0002,Unknown,0
S06PC21CA02,NARANBHAI JEMALABHAI RATHVA,N0005,Unknown,0
S06PC21CA03,None of the Above,N0000,Unknown,0
S06PC21CA04,Prof. ARJUNBHAI VERSINGBHAI RATHVA,S0001,Unknown,0
S06PC21CA05,VASAVA PRAFULBHAI DEVJIBHAI,S0021,Hindu,83
S06PC22CA01,VASAVA MANSUKHBHAI DHANJIBHAI,N0002,Parsi,21
S06PC22CA02,PATEL JAYESHBHAI AMBALALBHAI (JAYESH KAKA),N0005,Unknown,0
S06PC22CA03,ANILKUMAR CHHITUBHAI BHAGAT,S0021,Hindu,13
S06PC22CA04,None of the Above,N0000,Unknown,0
S06PC22CA05,SINDHI MAYYUDEEN UMARBHAI,N1001,Unknown,0
S06PC22CA06,SUKHRAMSINGH,N0001,Unknown,0
S06PC22CA07,SHAILESHKUMAR MAGANBHAI PARMAR,N1001,Unknown,0
S06PC22CA08,JAYENDRASINH RANA,S0001,Hindu,16
S06PC22CA09,VIRSANGBHAI PARBATBHAI GOHIL,N1001,Hindu,16
S06PC22CA10,BHURA SHABBIRBHAI VALIBHAI,N1001,Unknown,0
S06PC22CA11,NITIN ISHWARLAL VAKIL (ADVOCATE),N1001,Hindu,83
S06PC22CA12,RAFIKBHAI SULEMAN SAPA,N1001,Unknown,0
S06PC22CA13,ANANDKUMAR SARVARSINH VASAVA,N1001,Hindu,66
S06PC22CA14,SAIYAD MOHSIN BAPU NANUMIYAWALA,U0201,Muslim,83
S06PC22CA15,SAYYED ASIF ZAFAR ALI,U0173,Muslim,29
S06PC23CA01,VASAVA PARBHUBHAI NAGARBHAI,N0002,Hindu,83
S06PC23CA02,CHAUDHARI TUSHARBHAI AMARSINHBHAI,N0005,Unknown,0
S06PC23CA03,None of the Above,N0000,Unknown,0
S06PC23CA04,CHAUDHARI REVABEN SHANKARBHAI,N0003,Unknown,0
S06PC23CA05,GAMIT MOVALIYABHAI NOPARIYABHAI,N0001,Unknown,0
S06PC23CA06,CHAUDHARI CHANDUBHAI MACHALABHAI,S0001,Unknown,0
S06PC23CA07,RATHOD RAMESHBHAI BHIKHABHAI,N1001,Unknown,0
S06PC23CA08,JAGATSINH LALJIBHAI VASAVA,S0021,Hindu,66
S06PC23CA09,GAMIT SURENDRABHAI SIMABHAI,N1001,Unknown,0
S06PC23CA10,BHAILALBHAI CHHANABHAI RATHOD,U0003,Hindu,16
S06PC23CA11,CHAUDHARI RENIYABHAI SHANKARBHAI,U0593,Unknown,0
S06PC24CA01,DARSHANA VIKRAM JARDOSH,N0002,Hindu,22
S06PC24CA02,DESAI NAISHADHBHAI BHUPATBHAI,N0005,Unknown,0
S06PC24CA03,MOHANBHAI B. PATEL,S0001,Hindu,16
S06PC24CA04,None of the Above,N0000,Unknown,0
S06PC24CA05,OMPRAKASH SHRIVASTAV,N0001,Hindu,83
S06PC24CA06,MUKESHBHAI LAVJIBHAI AMBALIYA,N1001,Unknown,0
S06PC24CA07,KIRITBHAI HARJIBHAI VASANI,U1589,Unknown,0
S06PC24CA08,MAVJIBHAI LAXMANBHAI SANDIS,N1001,Unknown,0
S06PC24CA09,VASAVA KISHORBHAI CHHOTUBHAI,S0021,Hindu,83
S06PC25CA01,C. R. PATIL,N0002,Hindu,16
S06PC25CA02,MAKSUD MIRZA,N0005,Hindu,3
S06PC25CA03,MEHUL PATEL,S0001,Hindu,46
S06PC25CA04,CHAUHAN KESAVBHAI MALABHAI (MASTER),N0001,Unknown,0
S06PC25CA05,None of the Above,N0000,Unknown,0
S06PC25CA06,LATABEN ASHOKKUMAR DWIVEDI,N1001,Hindu,16
S06PC25CA07,SAIYED MEHMUD AHMED,N1001,Hindu,2
S06PC25CA08,ROHIT GANDHI,N1001,Hindu,46
S06PC25CA09,ASLAM MISTRY,U0261,Muslim,33
S06PC25CA10,HASAN SHAIKH,N1001,Muslim,9
S06PC25CA11,RAVSHAHEB BHIMRAV PATIL (BANDHU),N1001,Unknown,0
S06PC25CA12,VIMAL PATEL (ENDHAL),N1001,Unknown,0
S06PC25CA13,PERCY MUNSHI,N1001,Christian,83
S06PC25CA14,WARDE RAJUBHAI BHIMRAO,U0201,Unknown,0
S06PC25CA15,RAMJAN MANSURI(JOURNALIST),N1001,Unknown,0
S06PC25CA16,PATEL BHUPENDRAKUMAR DHIRUBHAI,S0021,Unknown,0
S06PC25CA17,SONAL KELLOGG,U1570,Unknown,0
S06PC25CA18,KESHAVJI L. SARADVA,N1001,Unknown,0
S06PC25CA19,ARUN S. PATHAK(JOURNALIST),N1001,Hindu,83
S06PC25CA20,PYARELAL BHARTI,U0593,Hindu,46
S06PC26CA01,DR. K. C. PATEL,N0002,Hindu,16
S06PC26CA02,KISHANBHAI VESTABHAI PATEL,N0005,Hindu,16
S06PC26CA03,None of the Above,N0000,Unknown,0
S06PC26CA04,THAKRIYA RATILAL VAJIRBHAI,N0001,Unknown,0
S06PC26CA05,PATEL BUDHABHAI RANCHHODBHAI,N1001,Unknown,0
S06PC26CA06,GAURANGBHAI RAMESHBHAI PATEL,U0584,Hindu,16
S06PC26CA07,VADIA LAXMANBHAI CHHAGANBHAI,U0460,Unknown,0
S06PC26CA08,PATEL GOVINDBHAI RANCHHODBHAI,S0001,Unknown,0
S06PC26CA09,DR. PANKAJKUMAR PARBHUBHAI PATEL,U0003,Hindu,16
S06PC26CA10,PATEL SHAILESHBHAI GANDABHAI,S0021,Unknown,0
S06PC26CA11,TALAVIYA BABUBHAI CHHAGANBHAI,U0201,Unknown,0
